,log2FC_spectral
HNRNPH1,-0.6707507361969224
MRPL17,-1.1219905243786104
FBLL1,-0.575114714764809
A0A140T9X3,2.0
UGGT2,-0.9068905956085186
B4E171,1.0
J3QKZ0,1.584962500721156
MAOB,0.19264507794239583
RABGAP1L,2.0
FLOT1,-0.5611157587667883
SEZ6L2,0.14809863898913392
STAU2,-4.643856189774724
F8WDX9,2.807354922057604
TBL3,0.5849625007211562
PRKCA,-1.4033556942312084
DDX19A,-1.2667865406949013
ACAA2,-1.051530300640082
NUDCD2,-1.3536369546147005
VKORC1,-0.1443899093351748
FAH,-1.0174874267288412
A0A3B3IS24,-0.03476541816067664
PLA2G6,-3.9068905956085187
ALG1L2,-1.3667823306716227
RILPL1,-3.4594316186372973
PAFAH1B3,-0.7827992896037491
PBRM1,5.321928094887363
PSMB7,-1.2823997307007249
G3BP1,-0.3098552625867873
TLK2,0.4005379295837288
HARS1,-0.2568845629814825
KHDRBS1,-0.4365172266892954
LSM3,-0.5849625007211563
STMN2,-0.8930847960834881
EIF5,-1.2547191376217903
LINGO1,-2.321928094887362
KPNA6,-0.6668736985077736
AFG2B,-4.0
DHX9,-0.7074011366240678
DHPS,-3.0
CRAT,-0.22948184612276734
PGP,-0.3219280948873623
ARMCX3,0.0
IFT56,2.0
MRPL50,-0.6780719051126377
FTSJ3,-3.1699250014423126
UMPS,-2.230297619421794
KRT17,-0.6481563272083503
CDK9,-1.3504972470841332
CCDC124,0.2630344058337938
COMMD8,-1.15754127698648
A0A0U1RR32,-0.7951802081115018
ATP6V1B2,-0.8130966633821768
ASNS,-2.5324950808270206
EI24,-1.2801079191927354
DGKE,-0.6166713604484944
FAHD2A,-1.3785116232537298
ALAT1,-1.5849625007211563
NAA15,-1.6805401607033872
PDGFRA,-0.4594316186372972
LDHAL6A,-0.6629650127224294
GDAP1,-0.014768600276231421
CBX3,-0.2563397532597855
ERH,0.0
RHOB,-0.20511442990461237
ATP6V1H,-0.7384369813828743
PRKAB2,-0.2630344058337938
CDK2AP1,1.584962500721156
IVNS1ABP,-1.0
GLYLB,2.0
AP1G1,0.21978120787990993
A0A2R8YDR3,-1.5849625007211563
CAMSAP3,-0.19264507794239588
ARAP1,4.0
RPS6KA5,0.32192809488736235
PXK,5.321928094887363
PIGK,-0.3297054454790817
RGS12,2.321928094887362
H7C058,0.289506617194985
RNMT,-1.1460782594879446
UCKL1,-0.6780719051126377
KBTBD11,-0.751179453385907
MYO1B,-0.3416913497087923
EPHA7,-1.390459476558178
WNK3,0.28379296600059134
K7EIS7,0.0
FXR2,-0.15335077690679652
ANXA10,-0.7369655941662062
MDH1,-0.6594631869207876
PTK7,-0.6457165318002526
PDXP,-0.608809242675524
SLC35F6,-1.5849625007211563
SUOX,1.0
GNAT2,-0.6418083611258661
ENOPH1,-0.7641870629012306
AFG2A,-1.0544477840223765
RT24,-0.765534746362977
GPD1L,-0.6943737174417383
DYRK1A,0.25525705524207465
SMARCA1,-0.4625264250601629
SRBD1,-0.8930847960834881
IER3IP1,1.584962500721156
MRPS28,0.21412480535284734
HMGN4,-3.0
SPARCL1,0.12928301694496647
ALDH2,-0.3474130664420834
POLR1C,-3.1404812235498305
TLE2,-1.415037499278844
EPN3,0.03847414781463564
CPNE4,3.321928094887362
CCDC127,-2.321928094887362
COQ5,-3.584962500721156
SLC25A4,-0.3247541389661258
GAR1,-0.9328858041414629
PIAS2,3.584962500721156
SPRYD7,-1.222392421336448
SYNRG,-1.137503523749935
SGTA,-0.5889811524585491
CNTN1,-0.337869638756384
CPVL,-0.6578940231750072
E7ETP7,-1.0
K7EIK2,-1.0
A0A0D9SFF6,-2.584962500721156
ZER1,-2.0
WARS1,-1.0610294333975596
ASH2L,0.8479969065549501
MTDH,-0.4150374992788438
ASS1,-3.700439718141092
IGFBP2,0.3479233034203068
DPYSL5,-0.5508252972627157
MRPL1,0.6918777046376682
LRRC41,0.0
ERO1A,-0.5277887923339222
DYNLL1,0.7720480533216514
A0A6Q8PGL3,-1.4739311883324124
CLPX,1.0
DNPH1,-1.0588936890535685
EPHX2,1.2700891633677442
NADK2,-0.4993867690150823
E5RJX6,4.0
MIF,-0.9267510179693615
EIF6,-0.5415699052077755
ETFB,-0.6698513983076693
EPN1,-0.4150374992788438
SLC25A46,-2.584962500721156
LDHB,-0.6807214835265869
AEBP1,-3.700439718141092
SPIN3,1.0
PSMB6,-0.6837406551993297
TMX3,-3.142957953842043
H0YGG7,0.8073549220576041
MORC1,-0.4150374992788438
H2BC12L,-0.7955810124038113
TPPP,-0.8300749985576876
AAMDC,2.321928094887362
ZNF517,1.584962500721156
SLC2A1,-0.9125371587496606
Q0P5T2,1.584962500721156
POFUT1,-1.1987798641144976
SNX1,-1.4102839693082092
LLGL1,-0.7605340653046105
DIS3L2,0.12553088208385882
SLC2A14,-0.9004643264490856
TRO,3.0
GRK2,-0.253756592245783
PDK2,3.807354922057604
ACOT2,2.807354922057604
CDK1,-1.685891409571937
CBR4,-0.0995356735509144
RAB1C,-0.8353692982272006
DCTN4,-1.050626073069968
RABGAP1,-0.7914133781885827
DNAJC7,-1.6640340717123552
TOP2A,-0.3966589699639893
NCOA2,-3.1699250014423126
TXNRD2,-0.6415460290875236
SMARCAD1,2.321928094887362
RFC5,3.169925001442312
RNF214,-0.7369655941662062
SFXN2,1.584962500721156
ADNP,-0.22948184612276734
EIF1AX,-0.8073549220576042
COA1,2.807354922057604
PYGM,-1.0874628412503395
CDK16,-1.3734583955274444
ARFGEF2,0.9652345818393233
CAMK2B,-0.3987946215680791
CPLX2,1.0
PALM,-0.2995602818589078
RBM25,-0.9125371587496606
VARS1,-0.7381332955985408
G3V4R8,1.584962500721156
A0A2R8Y7C8,-1.5849625007211563
ABCE1,-0.56435222104587
PLS1,-1.5849625007211563
APPL2,-4.169925001442312
K7ERQ8,-0.9328858041414629
KIF7,-0.9135852481825267
C9IZN3,1.584962500721156
CAMLG,3.169925001442312
PDE6D,0.5235619560570128
ENO1,-0.8551082971149366
RPS26,-0.9358696625802845
MYG1,-0.9821335792064863
A0A1W2PNV4,-0.7062687969432897
CTNNBL1,-0.7004397181410921
MTHFD1,-0.44991254055730345
NKRF,0.0
TUBA3E,-0.7870319900447195
I3L4J1,-1.0324214776923775
MTOR,0.46190410431681794
ERLIN2,-0.005538183541430022
MAP1LC3A,-0.5682837595745258
COPB2,-0.5309718082007068
GTF3C1,1.0
ALG12,2.807354922057604
PEX11B,0.7884958948062882
SEZ6L,3.700439718141092
F5GY05,3.321928094887362
DOCK6,-3.700439718141092
SPINT2,-0.5849625007211563
SARM1,-0.4203317989483568
POU3F1,2.584962500721156
LRRC14,2.807354922057604
GNB1,-0.7700953034885217
PTPN11,-0.6000406859043735
RNPEP,-0.5397332467281586
SH3PXD2B,1.3923174227787602
RBM22,-0.8541491335365452
SEC31A,-0.9980776878689713
CBX5,-0.4513793463425642
POU5F1B,2.584962500721156
EBF3,2.321928094887362
TIMM8B,2.321928094887362
TMF1,-2.807354922057604
RPA3,-0.45169596985769195
KIF23,-4.857980995127572
TSPAN7,1.584962500721156
ATP5PD,-0.32057281527535136
TSR2,-3.1699250014423126
PSMF1,-0.15200309344504995
MTMR6,0.0
XRN2,0.6918777046376682
RAVER1,-2.4020984435713455
HINT2,-0.7635598041779192
DESP,2.584962500721156
HPF1,0.38702312310924725
PABPC1L2A,-0.7884958948062882
EBNA1BP2,-1.2043584985061861
RPS7,-0.691351845313133
KRT24,-0.24100809950379493
NMD3,-2.807354922057604
WNT3,-4.169925001442312
PTRH2,-1.6138173633933413
KLC4,-0.5723624639415226
F8W835,1.0
GCN1,-0.6758017314878105
GLRX3,-0.4739311883324124
GOLIM4,-4.087462841250339
ACAA1,0.2074420798704763
HNRNPDL,-0.19316171001269353
NTPCR,-2.2016338611696504
SART1,2.807354922057604
TRMT1L,1.584962500721156
PPIP5K2,0.5305147166987798
CEP41,1.1273793064762274
RBM15,-0.9803711932510674
RPS6KA1,-1.3625700793847082
EPB41L2,5.554588851677638
CALB1,-0.22239242133644802
SUMO2,0.0
PPIAL4F,-0.8520239713913325
JPT1,0.21759143507262685
DYNLL2,-0.3219280948873623
ANO10,-4.459431618637297
DFFA,0.7369655941662062
CAD,-0.8073549220576042
ACO1,-0.8643449006424336
PFKFB4,-4.321928094887363
RBM26,-0.7243655573865726
DPYSL3,-0.8536710945664294
NFKB2,-4.087462841250339
RPL5,-0.6466632003933289
E7ESU0,3.0
CAP2,-0.9625252945813371
KIF3C,-1.253756592245783
WDR47,0.012278329778436693
OGDHL,-0.7299108366322558
TSC2,-0.9601072728764874
USP47,-0.6578940231750072
THBS2,-2.7318038890504273
WNT2B,0.13750352374993502
RPL4,-0.6674246609131291
ALDH7A1,-0.8940494868856573
RMC1,-1.765534746362977
LRPPRC,-0.54778896478621
RAD23B,-0.0995356735509144
SFN,-0.80573117957794
NUBPL,3.0
CHMP1B,0.22239242133644802
H2BC20P,7.066089190457772
NCLN,-0.9534574140629698
MAPK15,-0.2630344058337938
DPF2,-5.807354922057605
RAP1A,-0.4686754628809171
GIT1,-1.5132610353669675
ACTG2,-0.7315172225469011
WDR24,-2.0
PIP5K1B,-0.4854268271702417
RABGEF1,-0.8930847960834881
COX7C,3.321928094887362
GT251,-0.19264507794239588
PSMD1,-0.45724925943428285
ARCN1,-0.8050883150856591
SEPTIN4,-1.2658940599730346
TAX1BP3,1.0
DDHD1,-2.584962500721156
EXOSC8,0.874469117916141
UBE4A,0.12029423371771175
CDC37,-0.5004289905094885
USP24,-0.7824085649273732
SNAP25,-0.2085866218114174
NDRG4,0.874469117916141
PTBP2,-0.9393642022612055
TOR1A,-3.4594316186372973
POGZ,-0.493040011280117
A0A7I2RYU0,-1.4739311883324124
CNN2,-0.632268215499513
NUP85,-0.8231222379159209
NSF,-0.7511291114564145
MYO5A,-0.4127493226835736
ANGPTL4,-1.1502426355806126
DAB1,1.0
PSMA5,-0.9342455545162858
GAPDH,-0.6925112465391062
EXD2,1.1375035237499351
CADM1,-0.18442457113742744
EBF4,3.321928094887362
ERBB4,2.321928094887362
SUMF2,-0.328712699454472
GALC,0.31797008131867915
KRT79,-1.0
HNRNPA2B1,-0.63777853451517
CPS1,0.16992500144231237
AIMP1,-1.0101242172737073
ONECUT1,-2.321928094887362
ANGEL2,1.0
EMC2,-1.538419914784126
PAM16,-1.051530300640082
CNOT2,-4.643856189774724
ABCD3,-0.5101947323191839
SPRYD4,2.0
PHKG2,-2.807354922057604
SULT1A2,-0.16505924627049634
STAM,-0.5025003405291831
SUZ12,-0.36257007938470825
SLC25A1,-0.5849625007211563
DNAJA3,-1.050626073069968
MATK,-5.7279204545632
TMX4,0.5360529002402097
CAPZA2,-0.9228321394775401
RHPN2,-0.3219280948873623
CTTN,-1.5849625007211563
XAB2,-0.4150374992788438
ERP29,-0.8611985049156495
WDR41,0.41503749927884376
DDX51,-4.906890595608519
S100A13,-1.0
ZNF346,-0.20645087746742632
MRPS31,-1.0
UBE2D3,-0.618693358033706
SERPINB9,-1.7369655941662063
LIG3,-0.13058410981014437
F8WE38,-1.0
BLVRA,-0.9159357352115255
TUBA1A,-0.8001221443373033
NSFL1C,-0.1213062962221336
TTYH1,0.16046467219324612
YIPF4,-3.1699250014423126
SIRT3,-0.5525410230287788
PSMG4,3.4594316186372973
PDCD6,-1.004865755171816
USE1,-0.8073549220576042
RAB33B,-0.6338721012021025
ELMO1,1.0
PUS1,-2.807354922057604
HERC4,1.584962500721156
CPD,-0.39231742277876036
PHYH,-5.321928094887363
CNPY4,-1.222392421336448
SMAD5,-0.9475325801058645
GSTZ1,-0.34348423825380986
SURF4,-0.4576818366873375
NANS,-0.3611875253345895
SNRPG,-0.5099491463043107
GBE1,-2.7813597135246595
MAPK3,-1.0578909719118559
MTA2,-0.9385994553358568
HGH1,-0.7842713089445628
COLEC12,2.321928094887362
SCFD2,2.807354922057604
KTN1,0.5353317329965557
PSMD12,-0.5543122878809716
PRDX2,-0.8738353840861005
MAGT1,-0.9510903995190535
APBB1,1.078002512001273
WNT1,-0.319278516473413
ROGDI,-0.36257007938470825
PRR36,-0.31647366479525435
HSPA12B,-0.9175378398080271
ATG101,-2.321928094887362
DNMT3A,-0.07730572616744891
PHGDH,-1.3449713805313688
CAPS,1.3219280948873624
CRYAB,-1.3541337076680335
REEP5,3.4594316186372973
AMBN,1.584962500721156
H3BRE8,-2.0
NRBP1,-0.6981096583491826
HAT1,-1.4739311883324124
VANGL2,-0.8930847960834881
PDSS1,-2.0
ESYT2,-1.4854268271702418
SNRPB2,-0.4854268271702417
H0YM48,-1.5849625007211563
E9PAM4,-0.9259994185562233
SMYD5,-0.760812336120574
ITFG1,-0.27563444261342734
MICAL1,-0.5145731728297583
GOLGB1,-3.0874628412503395
PDS5A,-0.0995356735509144
TMEM9,-0.2895066171949848
COG4,-1.8328900141647417
STAT5B,-0.6713772525386293
PLCL1,-0.27563444261342734
RGS8,0.32192809488736235
KRT38,-4.700439718141092
PRDX4,-0.7692466567491352
OXCT1,-0.6823303375893603
ATP6V0C,2.807354922057604
PGAM1,-0.6718800713983695
TBRG4,0.5849625007211562
H6PD,-0.8845227825800641
CASTOR2,-1.1699250014423124
FXR1,-0.43702352430491065
DUX5,-1.5849625007211563
PYGB,-0.8818185736516858
SMUG1,-0.765534746362977
ROBO2,-1.632268215499513
F8WE28,-1.0
MAN2B2,-0.6520766965796931
CHD7,3.9068905956085187
CTBP2,-1.0749620576812222
B4DEV8,-0.989658055778541
CLIC2,-1.137503523749935
WNK1,-0.8757418970378542
SRC,-0.8438807980827181
TUBB2B,-0.8320370685581403
RPS3,-0.5953509887472711
NDRG3,-0.10433665981473561
PRKCB,-0.8829605788097805
MARK1,-0.6343505276833197
POMGNT2,-0.12553088208385899
TMEM14C,1.0
HSD17B10,-0.5252995794228168
RAB6C,-0.3103401206121506
A0A804HKP4,-1.5849625007211563
RBMX,-0.6780719051126377
AHCY,-0.8664763271626105
ASCC3,-0.84799690655495
NDUFA12,1.584962500721156
FAM3C,0.04975303519709973
ATP2B2,-0.45305082521557505
AP2M1,-0.7728094101607308
STAT2,-0.9175378398080271
SLC30A9,-0.7369655941662062
WASHC5,-0.5670405927238937
COL2A1,-4.087462841250339
CHP1,2.415037499278844
SLC7A5,-1.3219280948873622
E5RJ10,-0.16992500144231243
M0R2N6,-2.807354922057604
HTRA1,-0.3353903546939248
TRIP10,-2.321928094887362
A0A0C4DH22,1.0
DPP6,0.10691520391651188
DAP3,3.4594316186372973
MRPS17,-0.4854268271702417
KIF13B,-4.169925001442312
A0A2R8Y445,-0.41990325445065974
PSAT1,-1.471433555090742
JMJD7,3.700439718141092
REM2,-0.9434164716336325
NPEPPS,-0.6671386753465651
USP27X,-1.5849625007211563
SNRPC,2.807354922057604
ART4,-0.2895066171949848
SMAD9,-0.765534746362977
CNPY3,-0.9259994185562233
TBL2,-1.4420045468791132
C1,-2.584962500721156
KRT7,-0.24792751344358557
RAB6A,-0.9370225669496731
NDC1,-0.5849625007211563
UBQLN4,-0.34103691783506696
CAMKK2,-2.584962500721156
GOLGA3,-0.9059054845829507
PLXNC1,1.1634987322828796
SHOC2,0.07400058144377678
MRPL3,4.857980995127572
IFT46,-2.807354922057604
CFAP298,1.584962500721156
A0A8V8TMH9,2.584962500721156
USP9X,-1.0025924446165244
SCAMP5,6.189824558880018
SNTB1,-2.584962500721156
KRT12,-0.7269815055935841
CHD6,2.584962500721156
AGL,-0.39231742277876036
TUBB3,-0.7782797090403661
KIAA1549L,7.1799090900149345
ST13P4,-0.6728352567464905
RAB1A,-0.7840538226939227
YWHAZ,-0.8113815097404202
H7C2Y5,0.289506617194985
PLGRKT,-0.15754127698647993
ANXA2P2,-1.6298167365054164
RRAGC,-0.16349873228287934
SESTD1,-0.5305147166987798
MRE11,2.807354922057604
MOCS2,-2.321928094887362
H0YA22,-1.0
HECA,-1.1699250014423124
DVL2,-4.643856189774724
PELP1,-0.41654580578412076
UCHL5,-0.13940305666541636
SNX30,-0.5849625007211563
FMNL2,-1.3536369546147005
GNA12,-0.7986691941913817
PRMT2,0.41503749927884376
ACTN1,-0.7571019232289106
H0YIN7,-0.1604646721932461
NFYC,-4.754887502163468
U2AF2,-0.17333160288556176
C2CD5,2.584962500721156
ATAD3B,-0.598259323334614
PTPRZ1,0.4268146670551973
WDR18,-0.4746804457062456
EIF4ENIF1,-1.5849625007211563
RAB9A,-3.1699250014423126
CPNE1,-0.9879087707873814
COQ9,0.0
CPEB2,-0.867896463992655
DCPS,-0.49957100949051164
DCTN2,-0.7173653600679675
GSTM5,-0.29545588352617136
F5H5P2,-0.5849625007211563
ATP5PF,0.4764380439429871
ROCK1,-1.2801079191927354
VAPA,-0.154722594798642
ENGASE,-0.3219280948873623
SMS,-1.9621979672876155
NAP1L1,-0.5933369360449038
MRI1,-0.8744691179161412
MCRIP1,-3.321928094887362
NUP205,1.7004397181410922
E7EWS8,-1.0
TUBA4B,-0.6816638917756689
NR5A2,2.0
ZNG1A,-4.700439718141092
DRG2,-0.4974996594708167
GMFB,-0.04508788952853804
SCFD1,-1.141023520367605
A0A0D9SGF6,-2.584962500721156
CTPS1,-0.865326785092867
ITM2C,-0.8531586116707288
NRM,1.584962500721156
MFAP2,-0.6438561897747247
NACA,-0.1094112167205819
WRAP53,-0.39231742277876036
HDAC1,-0.9393372180933758
PAK2,-1.0372985414229754
SBDS,-1.1049695596015425
INS,-0.6022998171541674
SYMPK,-0.0995356735509144
VPS4A,-1.038023446454866
UFD1,-2.0324214776923775
NPC2,-0.15919859484925386
LRRC18,1.584962500721156
EHBP1,-1.0
STX1B,0.4274212237346762
SAMD4B,2.321928094887362
STT3A,0.29039252145425565
PHAF1,-4.700439718141092
SSBP2,-0.14809863898913386
NIPSNAP2,-0.6156592979440726
METTL16,0.0
CO5A1,2.807354922057604
DDX56,0.5849625007211562
NUP155,0.1353518528948863
TRAPPC10,-0.7369655941662062
NUP88,-1.1544713490357996
FUT8,-1.5849625007211563
PDCD4,-1.3219280948873622
IARS1,-0.9948094066063518
TRAPPC2B,1.0
RBM3,1.1154772174199359
DKK3,-1.9475325801058645
PPID,-0.8786937037778664
CYC1,-0.576192291093424
ANK3,-0.7854401456291634
CDK2,-1.685891409571937
GABPA,-2.415037499278844
DPY19L1,4.169925001442312
H7C592,-1.5849625007211563
CCP110,-1.1699250014423124
CAPN1,-0.030696797222916385
GPM6A,0.4059923596758368
MAPK6,2.0
SLC25A22,-0.8154041992569013
PTGES3,-1.0271361299375141
CYTH1,3.4594316186372973
ELAVL1,-0.7329525316595827
DBN1,-0.5474877953024933
PPM1B,-0.12075215946061027
KIDINS220,-0.6586032629734211
CBX8,0.32192809488736235
RPL14,-0.934323825731631
C9J4J9,1.0
RPS5,-1.0182237586189073
EIF4A1,-0.6540041451508076
THUMPD3,0.6780719051126377
TUBA1C,-0.7716305302514078
RRAGB,-0.07038932789139803
TCF20,3.700439718141092
SMARCE1,-0.6926202136817928
NUTF2,-0.502827965156659
A0A804HLB9,-2.0
A0A6Q8PEX8,-1.4739311883324124
KBTBD7,1.584962500721156
TRBV11,1.0
ARHGAP30,-1.2801079191927354
A0A6Q8PEZ4,-1.4739311883324124
VPS18,-0.6438561897747247
LAP3,-0.7024560637395968
RPL30,-0.7057146601817663
VPS13C,-0.36257007938470825
RIMOC1,0.0
PMPCB,-0.48077365044918485
PCDHGB6,0.0
A0A3B3ISG8,0.2630344058337938
HOMER3,-2.502500340529183
CNOT1,-0.43857301373963287
OGA,-0.7643389775080405
ZC3H11A,-1.6780719051126376
RAB8B,-0.6776684104824341
ASAP1,-2.0
NOL3,-2.584962500721156
TCEAL5,-0.16992500144231243
NT5C,-0.3519853287435422
TUBB1,-0.7722695803917049
FBXO44,3.0
GSTT1,-3.9068905956085187
TARS1,-1.0252372914990229
PBLD,-1.0
CCT6A,-0.9852029980719195
RPSA2,-0.8155754288625724
RNF20,0.0
SLC25A17,3.321928094887362
CDKAL1,-1.5849625007211563
RPA2,-0.461904104316818
RSF1,-0.8413022539809418
MRPL28,0.13124453327825272
PPP4R1,-0.6141088463806726
CDC42EP4,3.584962500721156
ZNG1C,-4.700439718141092
FAF1,2.0
LAMC1,-0.7004397181410921
PDPK2P,-1.253756592245783
WDR75,0.0
DLAT,-0.49253506043638834
FKBP4,-0.9490918291534992
EIF4A3,-0.6141601412924447
MRPS11,0.2630344058337938
ARPC5,-0.710493382805015
H4C1,-0.644313126633752
HNRNPLL,-0.6166713604484944
NF1,5.169925001442312
V9GYP5,1.0
KIF1A,-0.762486715402029
Q59FN2,-0.7224660244710911
UBA2,-0.713052974221878
STAT6,-1.9259994185562233
LPCAT1,0.01630181232910064
ABHD14A,-3.0
GYS1,-0.6957429314396932
ZNF574,0.7369655941662062
FKBP8,-0.9803711932510674
DNAJB1,-0.6291623046316912
PEX5,-0.13124453327825267
TGS1,-1.0
UAP1,-1.1699250014423124
VLDLR,3.9068905956085187
CUTC,-2.807354922057604
CMBL,-1.4594316186372973
FA83H,2.321928094887362
PAK3,-0.9421190839195
CHID1,-1.6849913190524282
IVD,-0.2652386767605238
SNRNP200,-0.3539259849754566
ZNF521,-2.0
ABHD14B,-0.8135868757691186
SUCLG1,-0.9818526532897405
CELF1,-1.096573259695053
UROS,0.5235619560570128
LARP1B,0.23446525363702297
ERLEC1,-0.44083350015618133
A0A6Q8PGU0,-1.4739311883324124
UPF1,-0.9143439154552916
CD2BP2,-0.7004397181410921
PGRMC2,-0.048363021561399
MAN2A2,-0.7744402995848689
SLC12A9,-1.3219280948873622
G3V4G9,-1.5849625007211563
A0A8I5KSG1,3.807354922057604
SNAPIN,-1.137503523749935
TSC1,0.06608919045777244
EXOSC9,-0.2895066171949848
STIP1,-0.6920762452064656
RELA,-0.9848931076097917
QTRT2,-2.1699250014423126
CFAP36,-0.5765009219729602
CTCF,-2.0
AKR7A3,-1.2630344058337937
UTP18,-2.321928094887362
LONP2,-0.6883728258026832
ACAT1,-0.9488459120498969
EIF2S3B,-1.20387233336565
H3BRW0,0.0
PABPC1,-0.8231805863837407
FAM169A,0.7705181538772327
LETMD1,4.0
OSBPL8,-0.15200309344504995
CACYBP,-0.8073549220576042
PIAS1,1.0
NDUFA10,0.48469837724772724
RPL31,-1.2512834001414364
TXNDC17,-0.8094780939505741
TPT1L,-0.5693656456701377
GCLC,-1.028569152196771
PPP1CC,-0.6200531651895179
A0A7I2V2H3,-0.748020782675202
NEDD4L,0.47356357588529924
DDX3X,-0.5350036749180607
HNRNPM,-0.7560589963739125
USP10,-0.7198920808072649
RGL2,1.584962500721156
OR4K3,0.8479969065549501
AKR1C4,-0.5849625007211563
POMK,4.459431618637297
ATAT1,-0.39548470185744344
VTA1,-0.5193741590935794
ST7,-1.0
MPI,-0.8800393759590874
STIM1,0.5751147147648091
MAEA,-2.0
PRPS2,-0.84799690655495
RAB11A,-0.3918797782915914
CPE,-0.7491918964994657
ABCB9,2.584962500721156
SEPTIN6,-0.6085020575277885
SRSF3,-0.7997013495141687
KIAA0513,-2.0
ABCF1,-1.0181473467102593
RRM1,-0.8199183835215162
IDH1,-0.6617307411752592
COMMD9,3.0
SYT5,-0.24100809950379493
ENAH,-1.368151111648008
A0A2R8YFL4,-0.7686744538935442
QSOX2,-1.5849625007211563
TKT,-0.8722955026783471
DTX1,-1.5849625007211563
NUDCD1,0.0
SORT1,1.584962500721156
RBBP5,-0.5849625007211563
PLPPR3,1.1375035237499351
ATP12A,-0.7055526415347447
ATF6B,1.584962500721156
PTGR1,-1.1057946640225969
SGTB,-0.6918777046376681
MTR,-2.2954558835261714
H2AC1,-0.8018167385161742
TBCK,-2.584962500721156
ZC3H7B,1.584962500721156
MAN2C1,-1.8687554667217472
KSR1,-0.843274496312547
PPIP5K1,-4.392317422778761
VPS33B,-1.130396637255675
SNX8,2.0
DAGLB,1.584962500721156
TMPRSS13,-1.15200309344505
PPP4R3A,0.6780719051126377
E41L1,1.0
PITPNA,-1.3609976595659548
RPL19,-0.9264075937013676
TMSB4X,1.584962500721156
MRPL15,-0.1783372412585124
OSBPL11,-3.584962500721156
TUBB4A,-0.762948183289835
PDCD10,-2.2428565238961635
LSS,-0.6755650495020628
MMP15,-0.7369655941662062
SNX6,-0.9212228866158831
AP1S2,-0.2508938429615818
PAICS,-0.8889145516972219
ARID1B,5.392317422778761
BCAT2,-0.4739311883324124
GPT2,-1.6780719051126376
GUK1,-0.49026809023974083
NUDT5,-0.9727785312649758
A0A8Q3WK79,-2.0
RPL3,-0.8772718289304634
VCPIP1,-0.3048545815284209
SNRPE,-0.6495027529158669
RHOG,-2.115477217419936
DNMT3B,4.247927513443585
PPME1,-0.5493385909904348
TOP1,-0.6903155008673849
BRD1,3.0
PPIAL4G,-0.9569312781081141
ABCAD,-4.754887502163468
MCOLN1,1.584962500721156
MAT1A,-0.36257007938470825
ARMC1,-0.29218075149331035
GMPR2,-1.0560340349143278
STAM2,-0.1154772174199359
EIF2B3,-0.04182017569462706
RPF2,0.7004397181410922
SEC13,-0.797507136101257
RYR1,-5.247927513443585
SH3GLB2,-0.9204117352621373
NUDT11,-0.09019780897157814
ATP5F1E,-1.3785116232537298
ATP1A1,-0.9144485558847867
SLIT2,-0.9523819797672601
TPT1,-0.6696596652964376
NCAM1,-0.7073907040089927
SEMA3A,-1.7369655941662063
B3GAT3,-0.43351015935032255
H0YGN5,2.0
RUFY1,-0.5305147166987798
MYL9,1.0
DBR1,1.1699250014423124
LMF2,0.7589919004962051
MTMR14,-2.0
STX8,-0.38702312310924736
CHORDC1,-1.3899465183160133
BACC1,-0.09621531525930317
YJ012,1.0
A0A0D9SFD7,1.0
SYN3,-0.8073549220576042
MTMR12,-1.5849625007211563
WDR87,-2.321928094887362
ANKRD50,0.0
ELOF1,-5.78135971352466
TFRC,-0.5115504141013213
FIS1,1.7369655941662063
NOC3L,-0.5849625007211563
ATE1,-1.2105669859396584
SHAN3,2.807354922057604
SCRIB,-0.6063361515137231
BTF3L4,-0.6003925412907622
ATP5F1A,-0.5994859558980292
DIP2B,-0.8413022539809418
H0YBK5,1.584962500721156
NAPB,-0.4041765066470769
PQBP1,1.584962500721156
SLC44A2,-1.7813597135246597
PEDS1,-1.0
FGD4,2.84799690655495
NHEJ1,-1.0995356735509143
LEMD2,-0.7686744538935442
E7ENQ6,0.10691520391651188
V9GYP4,1.0
FUBP1,-0.5351217620983812
CAPN2,-1.0174874267288412
VWA8,-3.4594316186372973
ATX2L,2.321928094887362
TUBA3D,-0.7837977285381333
RAPGEF2,-2.963474123974886
HSPA4,-0.682753911124782
MARCHF1,-1.0
LMAN2,0.10309349296410372
MAPK1,-0.8797057662822882
TFB2M,-1.0
FAM117B,-0.5849625007211563
RTCA,-1.2995602818589078
PTK6,2.0
KRT27,-0.8863432182044327
HMGCL,-0.561878887608115
HNRNPR,-0.8337466476167956
PIPSL,-1.0
SLC39A10,2.169925001442312
RIT1,-3.700439718141092
H2BC9,-0.7956715135602773
ADAMTSL4,-1.5849625007211563
NEO1,-0.14809863898913386
FARSA,-0.14848002688135278
A0A0U1RQS4,2.807354922057604
SAMM50,-0.04182017569462706
DENND11,2.321928094887362
SPARC,0.22677086184702225
DNASE2,-1.8744691179161412
IGSF8,-0.8990710911492191
TWF1,-0.8231222379159209
MYL6B,-0.5240197364958497
YWHAG,-0.8781168949312854
HSDL1,-0.18220333122074914
G5E950,-1.0
OSCP1,-0.6780719051126377
PFDN2,-1.222392421336448
SPIRE1,-2.321928094887362
ST13P5,-1.2247869364768307
DHX30,-0.019496175625797148
THOP1,-0.19555080911780695
PRR12,2.0
FBN2,-1.1936811246949206
GOLGA7,4.247927513443585
S4A7,-2.584962500721156
RBM4B,-0.3561438102252753
PACS2,1.584962500721156
TIPRL,-0.7842713089445628
TBC1D15,-1.725825036561006
SLC1A1,1.0
LIMCH1,-6.066089190457772
A0A3B3IS11,-0.5882081602248103
UBE2D2,-0.6691755046242415
SNX2,-0.8462905846045471
CTTNBP2,-0.84799690655495
COL6A1,0.48542682717024166
ALMS1,-1.5849625007211563
SREK1,0.3479233034203068
POLR2A,-0.4553695933140619
GNB4,-0.6510674660097578
A0A1B0GU92,-0.5193741590935794
MYO1A,1.584962500721156
SCYL2,0.45943161863729726
HAGH,-0.8614801359185721
SEMA3C,-1.268488835925902
MRPL16,2.321928094887362
MYDGF,-0.3966589699639893
GPC6,0.09310940439148145
TF,-0.6156592979440726
RPL7A,-0.9724609764017185
PIH1D1,2.321928094887362
GNA14,-0.6455692654253082
VPS28,-1.9259994185562233
TTI1,2.0
SETSIP,-0.08880926695785589
TM9SF4,-0.8780094756213898
RDX,-1.0176658742955693
SMYD3,-4.643856189774724
NIBAN2,-0.5405683813627028
SRSF12,-0.26918663281538907
SIRT2,-0.5351589448005423
ATP1B3,-0.41119543298444966
RCOR1,-1.0
METAP1,-0.6780719051126377
KHDRBS2,-0.5331235692015381
MVD,-0.8863432182044327
SLIK3,2.0
EEF1B2,-0.21150410519371174
ELP2,2.807354922057604
A0A6Q8PH06,-0.903138460747411
SMARCD1,-1.0809199953835675
CRK,0.0
AP1B1,-0.1719526827892949
DNM1P46,-3.700439718141092
BOLA2B,-1.4268146670551973
SPRN,1.0
A0A087WUJ7,0.0
RANBP6,-0.06012099243757091
HNRNPA1,-0.5119039860537739
TP53I11,-0.5693656456701377
ACYP1,2.321928094887362
CAMKV,1.6389013078319599
SLC25A33,-0.5849625007211563
DOCK7,-0.7072182507721541
A0A494C1P8,-0.3219280948873623
RBM28,-1.5849625007211563
GPM6B,3.321928094887362
RAB39A,-0.4150374992788438
MIOS,2.584962500721156
CDH2,0.6172802209938846
HNRNPUL2,-0.6031327036356744
ATP6AP2,-0.09310940439148147
CYFIP1,-0.731064992726522
WBP11,-1.2630344058337937
F120B,3.321928094887362
NENF,-1.0
FABP7,-0.45685767497347096
EIF1,-0.4594316186372972
ALAD,-1.5025003405291832
GPAA1,-0.20574866521657628
PEBP1,-0.6275543774456243
RIOX1,-0.3785116232537297
NUCB1,-0.8721070859802057
SEC62,-1.5474877953024933
UHRF2,1.584962500721156
A0A994J514,-0.619255678275034
NUP160,0.40525647848625845
RPE,-1.125530882083859
PPP2R2A,-1.0306967972229164
NUCKS1,-0.08746284125033943
HSPA7,-0.6005931524349204
LRPAP1,0.48542682717024166
TP53RK,-1.3219280948873622
HSP90AB3P,-0.7337737896764965
RAB5A,-0.8255595174351948
PARP1,-0.6515935435139286
LMAN1,-0.6629650127224294
POLR2H,0.289506617194985
INA,-0.7520724865564145
DIRAS1,-0.3219280948873623
DCP1A,-0.7369655941662062
CRABP1,-1.2203704237512363
PRMT1,-0.06608919045777246
A0A0J9YYC4,-1.4947646917495778
ARMC8,0.5849625007211562
PPP2R1B,-1.056955884812076
DNM1,-0.8545814017168245
BTN2A1,-3.4594316186372973
LRBA,0.5953791166664946
CNDP2,-1.1998984619537165
NDUFB6,2.321928094887362
DCTN1,-0.34547793510014607
MSH3,2.321928094887362
STAMBP,-1.4871872850346792
HSPA1A,-0.715577540116588
LONP1,-1.0798533076892147
ECPAS,-0.560087832082127
LMO7,-6.044394119358453
RPS4X,-0.758991900496205
ELP3,-0.7004397181410921
HSD17B7,0.0
IMPDH,-0.4685530086058456
PTBP1,-0.2496478522188835
ERP44,-0.5800217594508857
PTGR2,0.10691520391651188
KIF1B,-0.9411063109464314
FAM120A,-0.36257007938470825
F5H375,-1.0
CDC73,-1.5474877953024933
CDK6,-5.643856189774724
SBF1,-0.9116339878508857
LAMTOR5,0.1650592462704962
GNB2,-0.7134130677987183
EEF1A1P5,-1.009056495785019
MARCKS,-0.6468902498643582
GOT1,-1.0147465853691864
DNER,-0.4854268271702417
RPS27L,-0.7040151723649195
MYH10,-0.7355990820669861
SORBS2,-0.6844981742720706
NECAP1,0.12199052437861026
A0A087WZ62,-0.25153876699596445
BRSK1,-0.5260688116675877
AHCYL2,-0.7729310914540789
CELF5,3.807354922057604
PPIH,-0.4999263968653567
CA2,-0.22239242133644802
TUBG2,-0.46948528330122025
TRAF3IP1,-2.321928094887362
CTBP1,-0.803734606378907
NRP2,2.807354922057604
HSPA13,-1.4043902550793352
H7C1D9,-1.0
GATM,-0.6483878808627898
POLR1A,2.321928094887362
NTRK2,-0.4020984435713456
ANAPC4,-0.8930847960834881
ILF3,-0.3130551438380735
RAP1B,-0.3928075518953782
LZTFL1,-1.0588936890535685
CHN1,-6.0
NOVA2,-0.7945054997905925
M0QZR4,2.584962500721156
EPDR1,-0.84799690655495
RAB12,-0.2895066171949848
GARS1,-1.2282136600651685
FGD2,-2.584962500721156
DPH5,-0.3219280948873623
TNPO3,0.057715497856287434
ISCU,-1.222392421336448
AAK1,-1.1219905243786104
WDR45B,-1.5849625007211563
CORO6,-0.6780719051126377
RGS7,-0.31647366479525435
LARP4B,-1.6520766965796931
C6,-0.15200309344504995
MRFAP1,-1.0
CCDC47,0.0
MOB4,-1.125530882083859
DCAF7,-1.1423529234113305
VPS11,0.38702312310924725
CARMIL3,2.321928094887362
JARD2,1.584962500721156
KRT8,-0.7964666059148678
FEN1,-0.09621531525930317
RAF1,-0.44651573075201184
PPAT,-0.7809902180582042
OSBPL6,1.584962500721156
MED17,2.584962500721156
GDPD1,-0.3719687773869579
CEP170P1,-1.15754127698648
SNCA,0.32192809488736235
TOM1,-0.3798480708165438
MRPS18B,1.222392421336448
RAB11B,-0.3713670276218672
NKIRAS2,-1.15200309344505
DLK1,-3.0
DDX27,-0.24511249783653147
LIN28B,-1.5193741590935794
CYB5A,-0.1604646721932461
MROH1,3.700439718141092
CAPZA1,-0.6498136450711243
TTC17,2.321928094887362
KMT2D,3.807354922057604
CEBPZ,0.0
TPD52L2,-0.685891409571937
REEP2,1.584962500721156
PDLIM5,-0.881355503501381
GNPAT,-0.983511877211431
ACTB,-0.7267742821534632
TAGLN2,-1.3885652879176529
CALML3,-0.2937312030567103
CD276,0.3103401206121505
NDUFV1,0.07753660047102025
KIF5B,-0.7957093850388628
SEC61A2,6.189824558880018
AP3S1,-1.15200309344505
SEC24D,-4.392317422778761
WDR36,-0.8231222379159209
C17,2.321928094887362
B7Z6U4,2.0
INTS1,2.321928094887362
FAHD2B,-1.222392421336448
NUP133,-0.5090136474878575
A0A087WYX9,2.321928094887362
RGS6,0.49749965947081687
POLR2C,-0.7062687969432897
AAR2,0.0
UNC13B,3.584962500721156
MOB1B,-1.7004397181410922
POU2F1,-2.321928094887362
KDM5C,3.807354922057604
PDCL,-0.9259994185562233
NLK,-0.6966078565500653
A0A494C1T6,-0.10962449117449813
EML2,-2.3404244385047517
ACTN3,-0.2552570552420746
UCHL3,-2.050626073069968
SPTAN1,-0.437395228079269
ATP1B1,-0.7540207583459362
LANCL2,-0.34792330342030686
A0A2R8YDZ2,-1.5849625007211563
TMEM209,1.0
RNF31,-2.0
HSPE1,-0.8152779966296072
GOSR2,0.5650629432834512
PKP4,-0.5849625007211563
WTAP,-1.0
SUN1,-0.7917580670065857
SON,-0.7185870648513517
PSMB5,-1.0696341878370523
ARFGAP1,0.2801079191927352
PAPOLA,-4.906890595608519
MAPRE3,-0.7013416844354848
FSD1,-0.9092345360768178
RTN1,-0.38702312310924736
SPHK2,-0.20645087746742632
VMP1,0.0
ARPC5L,0.20645087746742624
TOP2B,-0.4152598457447056
ATP2A2,-0.7101579893266038
H2AC4,-0.720050123754335
XRCC1,-0.5644983981614405
NBAS,-0.8237493603082727
GFM1,-0.3219280948873623
NAE1,-1.153246260295682
ITPK1,3.321928094887362
SF3A2,-0.27130202181739427
EIF4E,-0.4613311515527787
RPL27A,-0.748020782675202
ZNG1B,-4.0
API5,-0.5760293759511483
CAP1,-0.7959983314624625
TSFM,1.0
TLN1,-1.3014639923276468
BCAP31,-1.3625700793847082
ACBD3,-0.5090136474878575
YTHDF2,-2.584962500721156
USP11,-0.9775159858486209
RBMXL1,-0.4746804457062456
A0AAG2SUK6,0.0
TLE4,-1.3785116232537298
MTMR9,-1.1154772174199359
CYCS,-0.42269107182227905
WDR26,-1.5514099410101296
PITPNC1,-0.84799690655495
ACOT13,-0.8155754288625724
HNRNPCL3,-0.43695227570728445
TBCD,-0.7160212593399541
DLGAP4,-1.3645724322958561
COA7,-2.807354922057604
CNOT9,1.0
ASPSCR1,-0.5360529002402097
RPL6,-0.5525410230287788
PI4K2A,-1.0
DUT,0.07800251200127316
KRT1,-0.967333811079678
MAGOH,-0.6141088463806726
GALK2,-4.087462841250339
GET3,-0.6543558361388301
PTTG1IP,-0.4020984435713456
J3QQY7,1.0
IGF2BP3,-0.9297909977185974
MRPS30,0.41503749927884376
ATP5PO,-0.766092956871349
MADD,0.3241290030806335
MARCHF5,2.807354922057604
MRPL27,0.8073549220576041
SKIC3,-1.7475570054339216
DIS3,-0.39231742277876036
HARS2,-0.4058774999933678
U2AF1,-0.6358436697233402
FKBP1A,-1.9114633253983428
DNMT1,-5.614709844115208
RNH1,-1.0642361107282339
A0A804HKA1,-0.84799690655495
TARS2,-2.502500340529183
LIN28A,-1.6374299206152916
USP13,-0.36104985264668643
KHDRBS3,-7.2384047393250786
MCM3,2.807354922057604
TMEM238,1.0
B4DIH2,-1.4739311883324124
THNSL1,-1.4594316186372973
CCNY,-1.0
SCARB2,-0.578218671889705
CACNB4,5.426264754702098
FHI1B,2.321928094887362
WDR54,-0.13750352374993496
RAPH1,0.18442457113742758
FHL1,-1.5297795854518474
OSBPL2,-0.07753660047102036
TMCC1,4.087462841250339
NCOA5,-0.5145731728297583
BRSK2,-0.04182017569462706
CUL7,-1.3479233034203069
IQSEC1,-0.3284709407541344
KRAS,-0.5100340132145909
HDAC6,-0.7224660244710911
HSP90B2P,-0.7193715341514678
PRUNE1,-0.5454341365345187
MTX2,-0.05324202127697953
QRICH1,-0.6280312226130421
RAC3,-1.1734163999609022
HSPA8,-0.7403153627179524
POLD1,-4.954196310386875
POR,-0.7244203408470927
NFASC,-0.8009665940950565
GRTP1,1.584962500721156
NDUFA13,-0.05614307803753374
GNAZ,0.10962449117449823
DPP3,-1.0229004021100787
SH3BGRL3,-1.3785116232537298
MICOS13,-1.4560647675388987
SMC3,-0.6296315500548845
TCEAL6,-0.16992500144231243
HSPA4L,-0.8631315739818602
A0A994J4D9,-0.3219280948873623
ATP1B2,-0.25153876699596445
VPS13A,-2.807354922057604
MAPRE1,-0.9510903995190535
DTD1,-0.24616058726939766
ZNF618,-1.5849625007211563
NISCH,-1.235628248493142
SPCS2,-0.1750867065580913
NDUFV2,-0.25153876699596445
PSMC6,-0.8906933680807173
KATNAL1,2.321928094887362
AP3B2,-0.39643837251764164
RPRD2,-0.5405683813627028
THBS1,-4.0
GNG2,-0.7693091914817185
PRPF3,-0.765534746362977
RPL15,-0.17104554133622754
A0A0A0MR08,3.321928094887362
RPL22,-0.5746390574523952
PPP6R2,-0.4854268271702417
SEC61B,-0.9259994185562233
CISD2,0.3692338096657191
PMEL,-2.6189098326444937
A0A6Q8PFP0,-1.137503523749935
NES,-0.806492324100134
UTP4,-1.2895066171949847
CA127,1.584962500721156
PGM2,-0.13750352374993496
DHCR7,0.7234823648025842
PA2G4,-0.5513317228398761
ZMYND8,-2.0677446066358343
URB2,-1.3219280948873622
RPS24,-1.0682296043729613
KRT14,-0.7500217469916525
BTAF1,1.584962500721156
PRMT5,-0.5867624947673662
AAGAB,1.584962500721156
MBD3,-0.6189098326444937
SMPD4,1.444784842672896
PGLS,-0.8989783669997632
PFN1,-1.0103667155582594
VPS26A,-0.9068905956085186
OARD1,0.17687776208407918
PANK4,-1.0
PPT1,0.0
FAM50A,-3.1699250014423126
TMOD2,-1.9475325801058645
ACADM,-0.9083112703081458
SP100,-0.9593580155026542
LUC7L2,-0.3843407020559274
J3KNS1,-2.0
SYN1,-0.31103977874462624
TCEA1,-1.4055147251603373
CHD5,-0.5203904994250725
RAB34,3.321928094887362
DDB1,-0.529492202072245
BCKDK,1.584962500721156
SUMO3,0.0
ADPRS,-3.584962500721156
MRPL51,2.807354922057604
A0A0B4J2A0,-0.7500217469916525
COPS4,-0.5701147363138428
V9GY05,-0.5525410230287788
GSPT2,-0.8744691179161412
A0A6Q8PFG4,-1.4739311883324124
XPO1,-0.3905336919384234
TXNDC5,-0.8656989082884089
GLDC,-0.9055353159965075
CBL,4.392317422778761
CPSF3,-1.0614005446641432
SHMT1,-1.0
CERS6,2.321928094887362
C9,-2.321928094887362
COL18A1,-0.3736784695177864
HNRNPH2,-0.4237284595428882
THOC7,-1.0
SETD3,-1.5849625007211563
NDRG2,-2.0
CANX,-0.7470136677210544
H3BUF6,2.321928094887362
ZNF532,0.22239242133644802
SCRN1,-0.656795245482223
COPS8,-0.6384017596826166
KRT37,-4.700439718141092
PSMG2,-3.700439718141092
A0A2R8Y4N4,-0.84799690655495
CUTA,-0.9082075240805094
SCAF1,0.874469117916141
CLTC,-0.7017333250790426
RTN4,0.2834539470727266
BIN1,-0.8231222379159209
ILF2,-0.6236637226975881
RRAS2,-0.22826898767311726
RPS6KA3,-1.1085244567781691
RHBDD2,3.0
THAP11,-2.321928094887362
TPR,-0.9004643264490856
PCYOX1,0.07201124491538796
BLTP3A,-1.5849625007211563
PAK5,-0.16992500144231243
ARHGAP33,-0.7062687969432897
OAT,-0.7862933065297744
PAK1IP1,1.584962500721156
CTNNA1,-0.028569152196770954
NDUFA2,0.19264507794239583
A0A8I5KXD3,-1.5849625007211563
RGS3,-0.9125371587496606
IFT27,-1.7085371858396887
PLS3,-2.0
PEX6,-0.19264507794239588
ADSS2,-1.9364348712225339
SEH1L,0.4498029174395205
CHMP5,0.0
AQR,-0.6520766965796931
SNX3,-0.8950304403984575
MRPL53,-0.6780719051126377
SURF1,-0.4150374992788438
ATP2A1,-0.4241397063860964
AGTPBP1,-4.247927513443585
PRSS56,-2.0
H7BZ35,-1.0
RAB39B,-0.6244908649077935
SUPT4H1,-1.0
LGALS3,1.0995356735509143
MICAL3,0.0
TXNRD3,-0.6280312226130421
NUDT1,1.584962500721156
IGF1R,-1.8365012677171204
IKKB,2.321928094887362
ZNF622,1.584962500721156
PSMA6,-0.9593580155026542
FAM234A,-0.7369655941662062
ARFGEF1,-0.24100809950379493
NUP58,3.169925001442312
FN3KRP,-0.06413033741971558
AKR1A1,-0.7369655941662062
PPP1R12A,-0.18057224564182092
TIMM50,-0.46566357234881184
NT5C1B,1.0
NSUN5,-3.1699250014423126
SLC35A4,0.5849625007211562
TMEM109,-0.3219280948873623
GCA,-0.1982261102056957
NAT14,-0.4405725913859815
PLEKHA5,-3.1699250014423126
SERPINB6,-1.7449583849197368
IFITM1,-0.31550182572792934
AMDHD2,-1.7162070339994087
SEPTIN11,-0.8117781090917893
UBE2I,-1.373753817877384
PNPT1,-1.722466024471091
SNX27,0.0
PACS1,0.6040713236688608
NCDN,0.3772354665664595
ELAVL3,-0.3542834681997476
DTYMK,-1.0
ZCCHC3,0.5639008851933265
HSF2BP,3.0
ISOC2,-0.4643538173420231
TMED1,-0.7462434077542169
A0A0D9SF54,-2.584962500721156
B3GLCT,0.2630344058337938
OTUB1,-0.5494978200663526
MAP1LC3B2,-0.710493382805015
RPL26L1,-0.6111026381849461
BABAM2,-1.2515387669959646
LMTK3,0.16046467219324612
OSBPL1A,0.12553088208385882
H7BY63,1.584962500721156
PLOD3,-2.700439718141092
DDTL,1.0
NIPSNAP3A,-0.2917661243771099
TIMM23B,0.5849625007211562
YWHAH,-0.8680346597914952
ALKBH5,-1.0
BZW2,-1.3245252063734014
KIF2C,-4.169925001442312
LARP1,0.0
COPA,-0.6805951024248202
PRXL2B,0.31993679706827094
ACY1,-2.807354922057604
HK1,-0.33082222432169767
TTC9C,-1.765534746362977
DEK,-0.6374299206152917
SBF2,-1.2181145974730665
WASH2P,-2.0
EZR,-1.041820175694627
EPHA4,-0.9569312781081141
MCM5,0.0
RUNDC3B,-0.15200309344504995
ATP6V1G2,-0.8349407537295038
HPCA,-0.506959988719883
DDX52,-2.0
NCBP2,-0.9175378398080271
HDAC2,-1.1127001327493624
SAFB2,3.584962500721156
UBXN1,-1.0919224894410393
SF3B6,-0.3219280948873623
EVL,-5.78135971352466
SQSTM1,-2.35453276031929
IGF2BP1,-1.0266679504620801
EEF1A2,-1.2008165401889397
SLC25A20,2.321928094887362
UBA52,-0.7098139879062393
DDX46,-0.6751603096927343
CPT1A,-0.22239242133644802
RCOR2,-1.0
M0R038,-1.0
FLNA,-0.8700196358856249
MAP1B,-0.7141099915628998
CHMP6,-0.7004397181410921
KRT18,-0.4211376988152617
NHP2,0.43609911480667357
BASP1,-0.22741049610307254
E9PFN4,-2.584962500721156
SRP72,-0.9417013594353328
MRPL23,0.16600995143892933
PTPN23,-1.0
COMT,-0.5421494171821831
LARS2,-0.04508788952853804
PDRG1,-1.4594316186372973
GTF2F2,1.584962500721156
PCBP1,-0.7971157375527659
MRPS14,-0.8073549220576042
PCBD1,-0.3048545815284209
SAR1B,-0.45508221817424627
OSBPL9,-1.3923174227787605
EPHX1,0.3410369178350669
TAF15,-0.5525410230287788
RAB24,0.2801079191927352
CDC42BPB,-0.37723546656645945
RAB18,-0.978626349207433
SARS1,-0.9313961860009765
ANK2,-0.5768375472848735
ZBED5,1.584962500721156
COL10A1,-2.584962500721156
C12,-1.0
GSTM2,-0.8331809094255093
CBLB,1.8365012677171206
PAPSS2,-1.5849625007211563
A0A0G2JQP3,-1.0
POLR3A,-2.584962500721156
PAFAH1B1,-0.756425908172024
IPO4,-0.21978120787990987
KHSRP,-0.5955545654427024
PXN,-4.459431618637297
AP3D1,-0.35973012759974676
EXT1,-1.5849625007211563
RPL7L1,0.36257007938470837
ANXA7,-0.8531586116707288
RAB3C,-0.7754844067705821
PNMA5,4.169925001442312
NCKAP1,-0.7931875901310104
DDX23,-0.28317205140487006
DPP7,-1.5305147166987798
A0A494C0D0,2.0
CELF2,-0.797086586603777
RUSF1,0.19703684705955357
REXO2,3.0
NEDD8,-0.439912167917873
DENND10,-3.4594316186372973
EPIPL,-3.0
GALM,2.584962500721156
QPCTL,-0.5849625007211563
A0A1W2PP79,-1.0
DPM3,-0.4150374992788438
KDR,-0.5525410230287788
FAF2,-0.4395320611995924
TBCC,-1.3219280948873622
XPC,-1.7369655941662063
PATJ,-4.954196310386875
COG2,-1.538419914784126
GIGYF2,0.0
UNC13A,3.700439718141092
PLIN3,-1.0208586048976642
VKORC1L1,-0.5639008851933265
HNRNPA3,-0.3305272238135611
MYO5B,-0.38187063534364446
OXSM,1.3219280948873624
UFSP2,-1.3219280948873622
ATP5F1B,-0.8078533292701308
NCALD,0.04405518007793556
HNRNPA1L2,-0.1814468713375319
GLRX5,0.5849625007211562
CALM3,0.03562390973072122
FREM2,-3.584962500721156
DST,-0.2251748620077748
MRPL12,0.4525122046975067
SKP1,-0.3587933886392246
OSBP2,-0.4720684443152228
ATG3,-0.6605135337283329
COMMD6,-1.765534746362977
RAB3B,-0.5663468225538092
SRSF5,-0.16293857112620544
UFC1,-1.2479275134435857
SUB1,-0.39231742277876036
PPP2R5B,-1.1543281463912938
PRXL2A,-0.45637829465974344
TPI1,-0.7498660828740124
PDHA1,-0.13948505359862157
NONO,-0.6277323733026231
BPHL,-0.44579975304953073
EIF4G2,-0.40930112972969934
HSPD1,-0.7834326935277879
DNAJC13,-0.14201900487242788
WDR81,-4.392317422778761
EGFR,-3.584962500721156
CYRIB,0.05004068249959563
EIF3H,-0.967333811079678
MVB12B,-0.9068905956085186
PHPT1,-0.5516424275211298
GRB7,-2.115477217419936
CSDC2,-0.7884958948062882
WASH4P,-2.584962500721156
DYNC1LI1,-0.5490854643925597
SCRN2,-0.07800251200127321
SEC22B,-0.8985547364404542
A0A7P0TB69,-1.5849625007211563
A0A0U1RQV5,-0.6918777046376681
TNIK,0.3410369178350669
TOR2A,-1.5360529002402097
CAND2,-0.6374299206152917
PHYHIPL,-0.8930847960834881
TRUB1,-0.4150374992788438
RPS28,-0.061400544664143256
ADH5,-1.0415868368730457
TERF2IP,-0.25153876699596445
SLC25A6,-0.4658375062860759
YBX1,0.49595749466241135
NDRG1,-1.3814291066360243
SMARCB1,0.6520766965796931
RPL7,-0.729241241106872
AP3M2,-2.1775381855521876
UBL4A,-3.1699250014423126
ACSF3,-2.584962500721156
THOC6,-0.0995356735509144
GNE,-1.2016338611696507
CSTF1,-0.4815329110657506
CLVS2,-0.4150374992788438
G3BP2,0.00313970753056715
RBM39,-1.2577977574676469
GBG14,3.0
SRP9,-0.6318488883519919
COPG1,-0.7732291381529778
SSR3,0.0
SIRT5,-5.044394119358453
LDB2,-1.42449782852791
KIF5C,-0.5794967991777791
FAM162A,-0.6964229312096994
EWSR1,-0.1963972128035035
VPS36,-1.308122295362332
PFKL,-0.8925709242914518
SEC24A,-0.5488932460136344
PIGS,0.03394733192333753
FSCN1,-0.7002562741786237
ANXA5,-0.5052641965282915
SERBP1,0.0
PPP2CA,-0.5296085011910382
A0A590UJL3,2.807354922057604
GATD3,-0.7584140134302411
SMARCA4,-0.3780226569582887
A0A1B0GU03,-0.5178483048626193
HMOX2,-0.792999629080534
NCKAP1L,-4.247927513443585
SEPTIN5,-1.0873197238412753
THOC2,0.5305147166987798
CRTAP,3.169925001442312
RALGAPA1,-0.8699394594356271
CORO1C,-0.865030632954501
ATP8A1,-0.4739311883324124
PPFIA3,-1.1312445332782526
MAT2B,-0.5151741705642938
SOD2,0.3119440063147403
GPC2,-1.2349050326499966
PPFIA4,-0.5200070588803865
EXOSC6,-0.6374299206152917
ACTC1,-0.8675937294612327
ARMCX2,-0.7369655941662062
HPF1L,0.22239242133644802
SLC30A7,-0.09310940439148147
SMPD3,0.0
CSTF2T,-0.7725895038969276
B4DXA6,1.0
SRRM1,0.15754127698648002
LACTB2,-2.321928094887362
KPNA2,-1.3894116916033494
GART,-0.6324807046435583
TNPO1,-1.114589131801933
TRPM4,-1.0
H0YIZ8,-0.7500217469916525
ARL8A,-0.596836601009448
DES,-0.6060857922869104
SOX,1.0
PNPLA6,-0.4405725913859815
LCMT1,-0.8951576341425019
IMPA1,-0.7641117361793291
H3BNG0,-1.5849625007211563
MRPS7,-0.7858751946471527
TRIM33,-0.09621531525930317
ANP32E,-0.23000560544632315
TUBB6,-0.7720775196807439
M0QZ92,1.0
FAM118A,2.0
RAD21,-0.6565157617461902
AP1M1,-0.7988601278921487
CCDC6,-1.8365012677171204
PDPK1,-1.2294818461227675
PARVA,0.0
TCOF1,-0.8073549220576042
S35B3,-0.862496476250065
LYN,-5.78135971352466
GATAD2B,-0.7369655941662062
COX7A2,-0.4346282276367247
OCRL,-1.0588936890535685
GSK3A,-0.8627531607166952
CARS1,-1.068425141010884
SPCS3,2.584962500721156
UBE2L5,2.807354922057604
NT5C3A,1.584962500721156
RIDA,-1.1154772174199359
HPX,-1.0
RPLP0,-0.5157964293322688
FBXO7,2.0
IRS4,2.321928094887362
PRKAR2A,-0.7759170418654144
ADAR,-0.8402480376089401
A0A8I5KVJ6,-1.5849625007211563
ABHD5,-2.105794664022597
TRAPPC5,0.22239242133644802
NF2,-4.584962500721156
SPAG9,-0.6629650127224294
A0A6Q8PH79,-1.4739311883324124
H2AC12,-0.7879125870552907
CRYZL1,-0.23794342487096337
RPE65,0.4656635723488118
PDLIM3,-0.8744691179161412
PSME4,-1.137503523749935
TAGLN3,-0.6382920031272828
HPRT1,-0.4150374992788438
MORF4L1,-0.9569312781081141
DNM1L,-1.0078859931354531
C9JRP1,-2.584962500721156
GIPC1,-1.5849625007211563
USP32,0.36257007938470837
TPP1,-0.10627632500391368
SNRNP40,-1.0104166159453383
MZT2A,-1.2801079191927354
SLC25A5,-0.46897630638964743
E5RHB8,-0.16992500144231243
SMAD1,-2.2927817492278457
NEDD4,2.0641303374197157
SF3B5,-1.1699250014423124
DYNLRB2,-1.235628248493142
EPHB2,-0.7369655941662062
AURKC,1.0
H3BSE6,3.0
ADD2,-0.8771432522144667
GNAT1,-0.6285894331214141
PHC2,0.0
PPP3CC,-0.45371796744290366
CD200,1.925999418556223
MON2,0.6166713604484945
RPS20,-0.862496476250065
GPT,-2.584962500721156
H7C0U7,-4.459431618637297
AK3,-0.5436217053402567
LDB1,-0.3344190390705592
KPNA7,-1.1699250014423124
ABRAXAS2,-0.6629650127224294
UBP1,-3.1699250014423126
LIN7C,-0.1750867065580913
ITSN1,-1.8231222379159209
ARHGEF6,1.0
MRPL44,1.3219280948873624
FIGNL1,-1.2313255461064556
MAP6,-0.423211430724544
RABEP1,-1.3959286763311392
PYGL,-1.1403990491391405
ECHS1,-0.18057224564182092
S100A8,-2.807354922057604
LAMP1,-0.511500338780135
HNRNPA0,-0.3157758679057671
SYN2,-1.2563397532597855
SPTBN2,-0.5837063447507308
UBE2NL,0.27301849440641585
A0A7P0TAP9,-1.5849625007211563
DDX47,-0.4854268271702417
PGD,-0.7801990919181181
SEC16A,-0.9844031449489814
ACTG1,-0.7235857780504042
SNRPA,1.1552782254779108
RP2,0.22239242133644802
MIA3,-0.3719687773869579
TIMM13,0.0874628412503394
CLU,-0.8927511606900054
RHOC,-0.5139162577204851
SLIRP,6.339850002884624
MAP2,-0.5305147166987798
POLB,-2.584962500721156
PRAF2,-0.7567288489876361
RABGGTA,-0.982297998266541
EIF4A2,-0.6848743168999057
CUL5,-1.1154772174199359
DHRS1,0.5849625007211562
CLUH,-5.285402218862249
PRPSAP2,-0.7073797374474219
GMIP,-0.28010791919273537
PSMG1,0.0
RAD50,3.321928094887362
WWAS2,-2.321928094887362
SDHA,-0.2818388072718513
KRT80,2.807354922057604
K7EK30,1.0
STOM,0.9708536543404835
XPO5,-0.5725787762653237
G6PD,-1.0274470053448235
ZZEF1,-1.3219280948873622
STX1A,-0.5145731728297583
FLII,-1.1989810347263956
CLN8,-3.4594316186372973
NRF1,0.10309349296410372
H3BN98,-0.6193959977850302
SEPHS2,-1.1699250014423124
NUDT9,0.04730571477835682
ATP6V1C1,-0.8339900485610707
SLC27A3,-1.4879380463262915
AP2B1,-0.39295933381977916
VPS52,0.48542682717024166
RPL36AL,-0.9730329523997306
TTC9B,-1.3219280948873622
SAFB,-0.6057210608879536
LOC127814297,-2.321928094887362
MAT2A,-0.09729720135491486
HGS,-0.4755790412138946
VPS29,-0.22913399921550318
A0A9L9PYI1,2.584962500721156
DNAJC11,0.024453043724538905
A0AAG2TTP8,-0.8564091463711502
MAP3K11,2.321928094887362
COPZ1,-0.5559000351186935
TST,-3.4594316186372973
RDH10,2.584962500721156
V9GZ45,1.0
CRYL1,-0.9691939532188253
GSK3B,-0.2141248053528475
G6PC3,-0.8699394594356271
PIP4K2A,-0.9289169019385173
SMG5,1.0
TRAPPC3,-0.48793804632629156
TRNT1,-1.0310268956206246
OSTC,-1.333423733725192
RB1CC1,-3.0
SMC1A,-0.6972654703459484
OSTF1,-0.4150374992788438
NCAM2,-0.84799690655495
MLF2,-3.9772799234999168
A0A087WWQ2,1.0
NOC4L,0.7369655941662062
VWA5A,-0.6280312226130421
MRC2,0.0
HACD3,-0.42164023410309087
KRT19,-0.6463630453852997
OGFR,-0.18057224564182092
LIG1,3.4594316186372973
YWHAB,-0.7356266659579083
COPS6,-0.642843416801656
LDAH,-1.5717266735644622
RAP1GDS1,-0.08246216019197299
VPS35,-0.32406383923135346
C1QBP,-0.1966919110050978
NIF3L1,-0.8804183842473275
RBP1,-0.42742122373467617
MRGBP,-0.4150374992788438
SRSF4,-0.4506614090095652
PPAN,-0.9259994185562233
XPNPEP1,-0.5363133380134396
EIF5A2,-0.7131724830008965
SLC25A24,-0.982297998266541
TUBA4A,-0.7565793552761775
SNRPN,-0.8398427748065085
DHTKD1,-0.35908109330482835
NNT,-0.8358886413831678
A0A499FJS7,2.321928094887362
HSDL2,-0.6800097093541302
IGF2BP2,-0.8326896537671016
A0AAQ5BH40,2.584962500721156
SELENOM,0.32192809488736235
NAP1L4,-0.5469666503466669
TUBB2A,-0.8416629728328994
STRN4,-1.4192252962422773
TMEM132A,-1.2801079191927354
KYAT3,-0.7067077730735254
SNX32,-0.84799690655495
ARHGAP23,-0.7045441164738286
CXD4,-3.9068905956085187
L1CAM,-0.6427936918446179
MTRES1,2.321928094887362
DHRSX,2.321928094887362
LDHC,-0.5731853329448027
NAPA,-0.788389095750764
HMGB2,-0.6229303509201767
PFKFB3,-3.700439718141092
USO1,-0.9213901653036335
KARS1,-0.8631833103696261
RPL23A,-0.21669569116692405
TLK1,0.0
LRP2,-2.807354922057604
ARHGAP32,-1.4694852833012202
PARD6B,-2.0
A0A804HIB1,-2.0
I3L3C1,-1.0
PEPD,-1.2278059175228122
SNX18,-1.0
FAAH,1.0
SRP14,-1.4961532337633003
FAHD1,-0.43609911480667357
RBBP6,0.5145731728297582
DAAM1,-1.2479275134435857
PGAM5,-0.9556058806415466
MYH9,-1.0262315415731798
KRT6C,-1.1219905243786104
NAP1L5,2.807354922057604
AKAP9,0.013939190957873774
HNRNPA1L3,-0.4462133951620215
LRFN2,2.321928094887362
EIF2A,-1.4043902550793352
PPP1CB,-0.8260033073524621
PRKRA,-0.4649627246105261
REPS1,-4.0
PTMS,0.0
NTM,-0.10433665981473561
TWF2,-1.303278037779698
DOLPP1,1.3785116232537298
ITSN2,-1.0
PPP2R2D,-1.2768402053588244
A0A7P0TAN6,-1.5849625007211563
STMN1,-0.6359654041552592
ACACB,-0.7369655941662062
SI1L3,1.584962500721156
COG7,-2.0443941193584534
FABP5P3,-0.8073549220576042
MAP1A,-0.8789608076973315
UBE2Z,-0.8969065070358962
AP2S1,-0.7942513347834239
A0A8V8NC12,-2.0
SCLY,-0.9652345818393234
ARFGEF3,0.32192809488736235
RAB10,-0.6293566200796095
PDIA5,-0.5109619192773794
PSMB2,-0.5224210346524433
TRIM3,-0.615177113768164
MEN1,4.0
RALA,-0.8989138748856857
EIF2S3,-1.0683869749802501
CDC34,-0.25153876699596445
ERI3,3.169925001442312
A0A2R8YGU4,-1.5849625007211563
MAP1S,-0.8040797900247431
GAPDHS,-0.7484612330040356
PREB,-1.0690416444296513
EIF3E,-0.10882019589745372
MINK1,0.6280312226130421
CLPB,2.807354922057604
EMC10,-1.3785116232537298
CUL4A,-0.713695814843359
PTPRF,-1.1699250014423124
PGM1,-0.5025003405291831
APRT,-0.9331450252437486
KRT6A,-1.1219905243786104
D6R903,1.0
PTDSS1,-1.0
RAB11FIP2,-0.3219280948873623
MAN1B1,1.8845227825800641
GMDS,-2.321928094887362
DDRGK1,-0.9730329523997306
PCMT1,-0.6295526517452267
RNF2,-0.9696263509564813
BCAS2,0.0
AGPS,-0.6695445180907736
ACTR10,-0.7369655941662062
SNRPB,-0.8255595174351948
CING,-0.5849625007211563
EIF4E1B,-0.929610672108602
SERPINB8,-1.9068905956085185
RBM14,-0.7618402628052354
BLMH,-1.353109750135642
RBM10,2.0
GTPBP1,-0.6189098326444937
PC,-0.09310940439148147
RBBP7,-0.6342060197410054
B4GAT1,0.0
ATRN,-1.3219280948873622
CKAP4,-0.7177613832690544
UVRAG,-2.807354922057604
HSPH1,-0.8926659558886785
MAGED4,-0.6520766965796931
ITPA,0.32192809488736235
LSM14B,0.5360529002402097
A0A3B3ITM5,1.0
GDAP1L1,-0.10340149788433599
RPS26P11,-0.8144443468439235
SPTLC1,-0.8930847960834881
A0A8V8TNL6,-3.700439718141092
ECI1,-0.5063526660247899
TM7SF2,-0.632268215499513
RTN4IP1,3.321928094887362
KLHL42,-1.5849625007211563
PARN,-4.643856189774724
SSRP1,-0.19264507794239588
LBR,4.523561956057013
TNRC6C,-0.8930847960834881
INTS14,-0.9569312781081141
ARFRP1,-0.5639008851933265
BAG5,2.584962500721156
EPB41,0.12048754673433361
HIBADH,-0.8881071199291029
RBM17,-1.15200309344505
APP,-1.1750867065580912
ZFPL1,-0.2392662399008441
BCCIP,-1.7004397181410922
NCEH1,0.0
TTYH3,-0.9219974879987268
AARS1,-1.013279338050017
RAB36,2.0
CRABP2,-1.0727563424353141
PHB2,-0.751074403587372
SNRPA1,-0.5976735524707101
AKR1C1,-0.1431946358277907
RPL34,-0.7004397181410921
KLC1,-0.8911059530978963
NDUFS2,-0.003602236680195538
MIA2,0.0
AKT3,-0.8285195320556463
MBD1,0.49476469174957804
ILK,-1.7500217469916524
PFN2,-0.8361570449356197
MAP2K2,-0.8764253148814676
TTC9,-0.3219280948873623
NPC1,-2.321928094887362
LPCAT4,2.0
YKT6,-1.3164736647952544
LNPK,-0.6599245584023782
GABARAP,2.321928094887362
VDAC2,-0.6185490235789921
SNRPD3,-0.8372704999618917
PML,0.1650592462704962
ASPH,0.056583528366367514
VAT1,-0.6075449089124478
AMPD2,-1.2801079191927354
SUGP2,-0.2278059175228123
PDIA4,-0.7769450321348517
TCEAL4,-1.3219280948873622
TUBB8,-0.7781963670344043
CE027,-1.0
WDR7,-0.19930880822340666
CALU,-0.6045913074700886
RPL26,-0.5906897612831974
CCT7,-0.8116908484589093
CCDC80,-1.3219280948873622
PRKACG,-1.0489096004809464
TENM2,0.0
A0A6Q8PHG4,-0.903138460747411
CALM1,0.6400038642791182
KCNS1,-1.5849625007211563
PRPF40A,-0.5104155473561023
ZNF516,2.0
ATP5F1C,-0.6910497591108477
HEXA,-0.5382838281681489
RAB9B,-2.2016338611696504
AGPAT3,3.807354922057604
PAFAH1B2,-1.1214635124856673
ARMT1,3.169925001442312
DCAF8,0.48542682717024166
A0A804HJA5,-1.5849625007211563
P3H1,-1.0
PPP5C,-0.7871513513344228
SLC25A18,-0.7224660244710911
H0YEH7,1.0
PSPC1,-0.9210695307782804
SFXN3,-0.8409999606239659
TAOK1,0.38702312310924725
EEF1A1,-1.0665051639600014
MOB2,-1.222392421336448
S100A11,-0.4150374992788438
CRACD,1.1926450779423958
RICTOR,3.321928094887362
TTR,2.321928094887362
DIPK2A,1.0874628412503393
THSD4,-3.584962500721156
UQCRB,-0.25565487546819626
NLGN3,4.087462841250339
PHTF2,-0.7725895038969276
ACAD9,0.8001305952896915
PRNP,-0.7369655941662062
TRAPPC4,-4.857980995127572
SYP,-0.5360529002402097
TRIP12,-0.25424128737578783
HSPA9,-0.8319832513700465
AIMP2,-0.06558834162757671
ATP1A2,-0.475627478993311
ETFA,-0.8906988837501386
STAT3,-1.1758498353994178
TECR,-0.3433017456799294
WASHC1,-2.0
MAPK8,0.3119440063147403
PRSS1,-2.471305718925589
DDX21,-1.1147962190401028
ANXA11,-0.7842713089445628
NUDT16L1,0.8531586116707288
KRT16,-0.7234823648025842
SDR39U1,-0.5956097449206648
FBXL8,-1.0
A0A1W2PS85,2.0
NUCB2,2.3923174227787602
SDHB,0.5286942810744111
GSTM1,-0.5563933485243852
PRKAG1,-0.4013625623817673
ATP6V1D,-0.41666858485777214
GNA13,-0.6259342817774622
NDUFA11,3.169925001442312
H2BFM,-1.15200309344505
HERC1,-0.6780719051126377
E7EN51,-1.0
GGPS1,-1.0759488532332986
YIF1A,-1.6520766965796931
CXADR,-0.1797060222348978
STX5,-0.19264507794239588
GPHN,-0.7906534650601945
MRPL41,2.0
GDI1,-0.8828116771501099
A0AAG2UY11,2.807354922057604
FABP5,-1.2051144299046124
VPS26C,-0.8667334691365359
LDHA,-1.020698992667836
PYCR2,-0.8413022539809418
ZMIZ1,-1.222392421336448
CBX1,-0.6692787866546315
KRT9,-1.5006935838235522
ABHD6,0.765534746362977
SYNP2,1.584962500721156
UBE4B,-3.807354922057604
XPO4,-0.7369655941662062
SCOC,2.807354922057604
UGGT1,-0.6455313770387026
CEP170,-1.125530882083859
A0A8I5KRW4,3.169925001442312
COLGALT1,-0.9098021910284219
NBEA,-0.3791349522938387
DNM3,-0.9014803914764056
NDUFS3,-0.1728365968622156
CS,-0.43599711791449
K7EMT4,2.321928094887362
SH2B1,-2.321928094887362
LAMA5,-3.4594316186372973
TMED8,2.584962500721156
HBS1L,-1.215728691055437
ATRIP,-0.8129144473995048
RPL13AP3,-1.043068721891886
RPS15,-0.30666133823405195
ATP6V0A1,-0.7306457489538031
A0A0G2JRP9,-1.0
AFM,-4.754887502163468
B4DLN1,0.0418201756946269
RAB15,-0.7292506290382008
PDCD5,-0.7045441164738286
CLASP1,-0.5083412191182437
RAB3GAP2,-1.438509633397354
CPEB3,-0.5849625007211563
FADS1,-4.954196310386875
NIT2,-0.37550913509220635
SRPK2,0.3016556998611012
FDXR,-0.7660096555813618
PPIL4,-3.4594316186372973
MPG,-0.2895066171949848
CSNK1D,-0.1443899093351748
PRSS23,-1.050626073069968
CYTH3,2.807354922057604
EMC1,-0.516714199748884
VIM,-0.5467924274824707
GDAP2,3.321928094887362
KRT5,-1.145677455195635
RBM42,0.19930880822340666
HSD17B8,-0.3959286763311392
SMAP1,-0.17687776208407935
KIF3A,-0.36257007938470825
PTGDS,-1.3219280948873622
USP7,-0.5103731843004726
PNN,-0.7914133781885827
CDIPT,-1.155278225477911
PSPH,-1.5118990385314328
GSDME,2.321928094887362
RAB31,-1.106915203916512
H2BC15,-0.7959642529031715
EPHB4,-0.7369655941662062
SHMT2,-0.9963669206665616
KRT77,-0.4150374992788438
DDAH1,-0.6903155008673849
H3BRB8,-0.8073549220576042
EMD,-0.9385994553358568
CCT4,-0.8990177518372292
HKDC1,-0.6520766965796931
TOR1AIP2,-1.0
EEA1,-1.2479275134435857
MYL12A,-0.40599235967583674
RHOA,-0.6466015665135421
SDSL,-0.9733648734965334
BRD3,-2.807354922057604
CPOX,-0.6880559936852597
A0A8V8TP90,2.584962500721156
SIN3A,2.0
RPL28,-0.9159357352115255
LRRC20,-3.4594316186372973
FAM114A2,-1.267480310864986
TNFRSF10B,-1.4594316186372973
ARPC3,-0.4334160285936985
IGSF3,-0.3428877135230085
TXNL1,-0.4370638056088427
COTL1,-0.615336149764675
RPS29,-0.43609911480667357
SEPTIN10,-1.4349370567165487
A0A0A0MRA3,-4.459431618637297
H0Y9Y3,1.584962500721156
RRP8,-0.9682911402726619
FERRY3,2.0
HINT3,-0.5004289905094885
POU5F1,3.4594316186372973
XPOT,-0.9615258521853643
HNRNPK,-0.7033120967227061
SERPINH1,-0.5362326705231446
MYLK,-6.247927513443585
H3BMQ0,-1.5849625007211563
PDK1,-1.2605275502232192
PCLO,2.584962500721156
EIF4EBP2,-1.5849625007211563
INPP4A,-0.31602749344767805
LYPLA1,-1.1977081579558504
MMUT,-1.9004643264490857
DYNC1LI2,-0.7527485914071339
AATF,-0.7369655941662062
RPS17,-0.8629990698941967
PXMP2,2.807354922057604
A0A7I2YQA0,-1.0
ATP2C1,-0.3785116232537297
CREG1,-2.321928094887362
AK4P3,-0.8974302663594522
KRT2,-0.7715837910357821
NAPG,-0.7004397181410921
ONECUT3,-2.807354922057604
PDK3,-1.5849625007211563
SMARCC1,-0.16349873228287934
ZNG1E,-4.700439718141092
RABAC1,0.9569312781081141
CIRBP,0.9624365870435168
RPL8,-0.9191085476832536
F8A1,2.0
GEMIN5,-0.5849625007211563
P3H3,1.584962500721156
PSMA2,-0.7302620538701293
CROCC,-0.8667334691365359
DNAAF5,0.5025003405291834
UBXN7,0.16046467219324612
A0A1B0GVF1,0.32192809488736235
MOES,1.584962500721156
ANP32B,0.07662128160291239
SERINC1,1.0
A0A8I5KPS7,1.0
ACTR3,-0.488499661219865
EPM2AIP1,-0.5006935838235523
EIF2B4,-0.06817150264157922
NDUFB5,-1.137503523749935
ADISSP,-1.222392421336448
HSP90AA4P,-0.6854352935261241
LRRCC1,-1.0
CRIP2,-0.2849769587144708
RPL10,-0.6945087949233113
DLG4,-0.9652345818393234
MAP2K1,-1.108987148895486
EIF4B,-0.7500217469916525
MDC1,-0.24100809950379493
GNAI2,-0.6186456269774447
E5RG91,4.0
EXOC7,-0.34103691783506696
CENPV,-1.070389327891398
ANKRD28,-3.9068905956085187
SPATA20,1.584962500721156
GOLT1B,-1.0544477840223765
M0QYV0,-0.5305147166987798
TPMT,-2.0
MAPK9,0.30633123983634386
LIN7A,-1.0443941193584534
UQCR10,3.0
RPL18A,-0.8880315683572026
PTPRS,-1.0135465318379477
WDR37,-0.3519546621397746
BTBD17,-0.04629365227393495
TMED10,-0.6849582906978775
CIAO2B,-0.3219280948873623
CLVS1,-2.0
P4HA2,-0.4150374992788438
CTPS2,-1.2085866218114174
LRCH1,0.41503749927884376
NCK1,-4.392317422778761
DENR,-1.0780025120012733
BYSL,2.584962500721156
PSMD6,-0.30415339315938633
CLTCL1,-0.9251028175342259
RNF123,-0.10893437155316406
FNBP1L,-1.0
HEXB,-0.5542828826317294
ABHD11,-1.8259706002249512
A0A994J420,-0.5849625007211563
A0A1W2PRI1,3.0
PYCR1,-1.2066787733751572
MED14,1.584962500721156
F8W1U5,-1.7369655941662063
MICU2,1.584962500721156
SLC35F1,2.0
PTGR3,2.321928094887362
CTNNA2,-0.6284017619860536
PCYT1A,-1.027480736422107
UBE2M,-1.0204641025597156
M0QX72,-0.19264507794239588
STX18,-1.3219280948873622
ATL2,-0.1500254440046075
LARS1,-1.0439312915898067
RBMXL3,2.321928094887362
ARVCF,-0.8271634031377845
GGCT,-0.6438561897747247
CPEB4,-0.8249132934419087
CNN3,-0.8285195320556463
TRIM36,-0.9434164716336325
GFPT2,-1.0
TYMP,-4.0
PIPOX,-1.0
ZRANB2,-0.3219280948873623
UBASH3B,-1.8744691179161412
ARHGAP5,3.321928094887362
THUMPD1,-0.33703498727757075
MVK,-0.6471189767837257
SMN1,-2.584962500721156
DECR2,4.754887502163468
ONECUT2,-3.4594316186372973
HNRNPD,-0.7589418216985923
AP2A1,-0.3823007128668441
RGPD8,-0.2370391973008493
MEX3C,-0.3785116232537297
NUP54,1.2064508774674263
DHRS7B,-0.061400544664143256
EXOSC1,-1.070389327891398
A0A087WZB1,-0.3561438102252753
ALG5,-6.285402218862249
CPSF2,-0.9652345818393234
DDX6,-0.523561956057013
SNIP1,2.0
F5H423,0.032789935117669415
TPBG,-0.07853340254668956
KDM4B,4.321928094887363
MCMBP,-2.584962500721156
CIAO1,-0.6374299206152917
NUDT16,-0.22239242133644802
PPP1CA,-0.6523754221301732
OLFM2,3.700439718141092
RMDN1,-0.9434164716336325
ATP6AP1,-0.7533600324168749
SMARCD3,-0.18442457113742744
A0A804HKC0,-1.5849625007211563
CD63,-3.1699250014423126
FSD1L,-0.225559700415131
TMPSD,-2.321928094887362
ATP6V1A,-0.5966810365953706
YBX2,-0.4150374992788438
METRNL,-1.0
SMARCC2,-0.5986374376182328
SHTN1,-1.1488633859144828
LAMTOR3,0.45943161863729726
NAA10,-0.5994620704162712
HS3SB,2.0
MAPK8IP3,-0.7174127967448057
UBA5,-0.42223300068304764
SYNJ1,-0.6453351187006379
IDH3B,-0.590479505688722
ARL1,-1.4203317989483568
CBWD5,-2.584962500721156
NDUFAF3,0.0
ELAC2,0.9510903995190536
PRPF38B,-2.584962500721156
CLIC1,-0.9493739269300319
DDX24,-0.9402937538757323
ARRB2,3.700439718141092
HADHB,-0.24808406436782243
TCEAL3,-0.16992500144231243
DNAJA2,-0.4013625623817673
NAPRT,-2.232660756790275
RAB5B,-0.7901304123051093
RALB,-0.940702816316228
STAG1,3.169925001442312
SLC4A7,-1.4515090559439903
TOM1L2,-0.6629650127224294
UBTF,0.5501970825604795
GM2A,0.5025003405291834
EIF3J,-0.6938968722743203
GRSF1,-0.8105222011362871
QTRT1,-0.0687127500840142
GPRIN1,-1.222392421336448
FAR1,-0.19967234483636445
PEX14,0.41503749927884376
ANKMY2,-1.1219905243786104
PRCP,-0.3843809133760363
DLD,-0.17231554886730652
RPA1,-0.31917748387132766
PPP6R3,0.5145731728297582
TUBAL3,-0.8043356777588104
NUDT14,-0.5849625007211563
GORASP1,-0.8786937037778664
NDUFA4,2.700439718141092
A0A7P0Z4R3,-1.5849625007211563
COL7A1,-4.087462841250339
CUL2,-1.1559181434484331
ATIC,-0.9084164498394787
MGAT2,-3.1699250014423126
GADD45GIP1,2.0
RNASEK,-0.19264507794239588
AKAP6,-5.0
SFPQ,-0.765534746362977
CCT8,-0.7766217945179964
NOMO1,-0.07528812730423712
SEPHS1,-0.8014543206179199
SCAF8,3.321928094887362
DENND4C,-2.584962500721156
LUC7L3,-0.40389694167364343
NELFE,-2.0
RARS1,-0.6328221394997479
APOL2,-2.321928094887362
TAB1,-0.34792330342030686
A0A0U1RRH7,-0.7951802081115018
F8WDW2,1.0
EIF3A,-0.6918777046376681
RNF40,-0.5305147166987798
NLGN2,2.584962500721156
THRAP3,-0.5790132343899698
PGM3,-1.0774721679005725
TSC22D1,-0.4150374992788438
PEX16,2.321928094887362
SRSF7,-1.0904152952222184
ARF1,0.18601198560994894
GCAT,-2.584962500721156
ANXA3,-1.7162070339994087
EXOG,0.5849625007211562
PDXDC1,-1.7472339296200334
EEFSEC,1.3625700793847084
RABL6,-0.6966078565500653
H2BC12,-0.7912596792547677
FRMD6,1.0
POU3F4,2.584962500721156
ANKFY1,-0.42626475470209796
RAB27B,-2.321928094887362
ANKS1A,3.700439718141092
TRH,-0.8129144473995048
MRPL4,-0.24511249783653147
VAC14,0.20435849850618631
MTCH2,-1.1823767424885687
NME1,-0.5195750495820873
DYNLT1,-0.6706923747470401
CETN1,2.807354922057604
HECTD4,-0.3439544012173613
CTBS,-0.4594316186372972
H7BXZ5,-1.0
APIP,-1.5849625007211563
KIF21A,-0.911943823334804
STK38L,0.18057224564182084
TMED3,-0.6780719051126377
A0A6Q8PH23,-0.7369655941662062
CLCN3,-4.954196310386875
RELCH,-1.2175914350726267
HEATR3,3.169925001442312
ARIH1,-0.6520766965796931
EIF4H,-0.45169596985769195
FKBP3,-0.9307373375628862
CNTNAP2,1.584962500721156
OXSR1,-0.5516424275211298
GNG3,1.0
A0A8I5KZ64,1.584962500721156
A0A0C4DG82,-2.0
OTX2,3.169925001442312
IFIT5,1.4329594072761063
CHD1,-0.14684138832927113
SLC6A8,1.584962500721156
H2AC14,-0.7879125870552907
RPL3L,-0.4066252594626437
TRIM24,-0.22239242133644802
TMSB10,-0.6780719051126377
NIFK,-0.9004643264490856
SMARCD2,-0.3561438102252753
MARCKSL1,-0.4854268271702417
SF3B3,-0.35219093360470893
RBFOX3,4.0
PIP4K2C,-1.7548875021634687
NUDCD3,-3.4594316186372973
PNPLA4,0.15200309344505006
TGFBRAP1,-0.1069152039165119
F8WF07,1.0
VPS26B,-0.5849625007211563
ALDH3B1,2.584962500721156
CADPS2,-1.1332665308634642
RMDN3,-0.9587773372734871
CRISPLD1,-4.0
H3Y2,-1.0
MTMR2,-0.7500217469916525
TBCA,-0.7546342422592127
DERA,-0.9434164716336325
HNRNPU,-0.8747530094537838
SLC4A4,0.0
CNTN2,-0.6332176693283773
PRPF8,-0.3112793097166008
CDK5RAP3,-0.9493739269300319
UBP13,-1.5849625007211563
PDE3A,-2.0
PNPLA8,-0.3499424710569589
LPL,-1.5849625007211563
ATP5F1D,-0.6100534816839867
USP8,-0.2630344058337938
LENG8,1.584962500721156
SNTB2,-4.0
GPX1,-0.9906419453017657
HSD17B12,-0.617854382278531
HEATR1,3.9068905956085187
PALS2,-1.4818690077570527
LRRC59,-1.0140751852117227
SPG7,5.459431618637297
PDIA6,-0.8065710616520728
PRPSAP1,-0.7570232465074596
PAK6,2.807354922057604
SCAF4,2.584962500721156
ICAM5,-1.2966170063581748
ELN,-1.5849625007211563
SCCPDH,-0.7517409468466044
NOL6,-0.7369655941662062
AGO3,-0.43171624042547413
TIF1A,1.0
EHMT2,-0.575114714764809
NIPBL,3.4594316186372973
SNRPD1,-0.561311232656511
HTRA2,-1.2121532368316097
MTCL1,-0.670935723831009
MPP2,0.10415723129129205
KATNB1,-1.5849625007211563
HSP90AB1,-0.7753061152636858
FDPS,-0.44107536018036714
PIP4P2,-0.9004643264490856
ZNF316,-0.2630344058337938
F184A,1.584962500721156
PPIA,-0.7578275786668082
IRF2BPL,-0.9259994185562233
XPO7,-0.611146432524811
SIAE,-1.1699250014423124
A0A8V8TKR9,1.584962500721156
NDUFAB1,5.044394119358453
TIAL1,-1.197939377611909
F11R,-2.0
RANBP10,-2.584962500721156
ARHG1,2.584962500721156
MFSD10,-1.7162070339994087
STARD3NL,-3.700439718141092
PRMT9,1.584962500721156
E7EU13,4.0
FAM20B,-0.5305147166987798
AGO1,-0.536666943680375
NKIRAS1,-0.4854268271702417
PARK7,-0.6034194054287172
MMAB,-1.5849625007211563
SDHAF2,-0.9434164716336325
MYMX,-0.9117728169882646
STUB1,-0.6674246609131291
GPD2,-0.5703157247567548
CD9,-0.8322725542619335
FRMD4B,3.584962500721156
SALL2,3.700439718141092
HPGD,-1.0
TMEM11,-0.29545588352617136
COX6B1,-0.6951454184715791
SNX9,0.5334322000810742
PSAP,-0.31520223169904904
MLLT11,1.0
PPM1G,-0.710493382805015
RPL9,-0.6206745974405592
OPA3,-3.4594316186372973
ITGB1,-0.6222267688331331
IRGQ,-0.7041097660141611
BPGM,-0.9510903995190535
SEC14L2,2.321928094887362
PTPN12,2.584962500721156
H2AZ2,-0.6872305520602061
J3QS33,-1.0
F8WBT0,4.0
PSMD9,-1.2064508774674263
TIMP1,-2.0
CKMT2,-2.807354922057604
MAP2K3,2.0
ZYX,-4.0
ATP6V0D1,-0.28403148712883375
EXOSC2,-0.5101947323191839
AGAP3,-0.5379650211839868
E5RI56,-0.18057224564182092
IGF2R,-2.068171502641579
NUDT10,-0.14684138832927113
RPS19,-0.21021770739034562
ETFDH,-1.1154772174199359
SNAP91,0.2773186318400415
BTF3,-0.8249132934419087
BBS1,2.0
MFF,-0.13124453327825267
USP39,0.4780472968046442
PLCG1,-1.4313393116079443
MTCL3,-0.7241557871148996
SLC9B2,-1.3388019134517586
RHEB,-0.6267826764157831
OTUD6B,-0.24100809950379493
TSG101,-0.20645087746742632
IL1R2,3.9068905956085187
FAM98A,-0.6520766965796931
PLCD1,-1.3672089741882287
DERL2,-0.6520766965796931
RGPD2,-0.3219280948873623
METTL13,2.0
GFUS,-0.7570232465074596
LIPA,1.765534746362977
QARS1,-0.5741325675204046
WDR3,-2.0
CELF4,4.857980995127572
ACOT9,0.920565532505595
MEIS1,4.857980995127572
A0A804HKJ7,-1.0
FCSK,-0.07943446749440497
EIF3C,-0.09515723304034009
CKB,-0.8133390062065751
TMPO,-0.14597930581727997
RAB2B,-0.647503966789869
EIF1AY,-1.2801079191927354
RPL18,-0.9247807545044079
CASK,-1.190382026433827
SYNGR3,0.0
PPCS,-1.7004397181410922
ERCC4,-2.807354922057604
A0A087X1W5,1.0
GEMIN4,-0.2360673582335244
PSMA7,-0.8360242648888739
DHX36,-0.6040713236688607
CAMK2A,-0.42724575608171256
RAP2A,-0.17687776208407935
CNOT11,2.807354922057604
G8JLG8,1.584962500721156
DCTN6,-1.2479275134435857
CCDC22,-0.4150374992788438
GSTM3,0.05246741989413548
ALDH3A1,4.643856189774724
MAP3K7,-1.3439544012173614
SFRP4,-3.584962500721156
CHCHD2,-1.5849625007211563
GTF3C5,1.1926450779423958
ACP1,-0.7840781900043253
MRPS21,-2.0
PDP1,-0.1069152039165119
EIF3F,-1.427306336612108
TARDBP,-0.5547196881964397
TMLHE,-1.0
KDM1B,-1.765534746362977
PHB1,-0.6617592499770323
A0A2R8Y692,-1.5849625007211563
LACTB,-1.0395283641866373
TAPBP,3.700439718141092
PIP4P1,-1.5145731728297582
PREPL,-0.4854268271702417
CAT,-0.5226782224668136
UGDH,-1.0804899178603677
STK32C,2.321928094887362
SAR1A,-0.4049031221451306
WDR5,0.3410369178350669
A0A804HJW3,-1.5849625007211563
PDPR,-0.8171359428501895
H0YAU6,1.584962500721156
TRIM27,-0.7004397181410921
SSR4,-0.5181309922429473
RPLP0P6,-0.52572329734648
PCYOX1L,-0.7369655941662062
EHD4,-1.765534746362977
HERC2,-3.4594316186372973
A0A2R8Y6C9,-1.5849625007211563
LSM1,-1.2801079191927354
KIFBP,-0.6057210608879536
DCUN1D1,0.14438990933517493
A0A140T9G8,1.584962500721156
AKR1C3,-0.2995602818589078
UBLCP1,-0.20645087746742632
A0A8I5KZC4,2.807354922057604
RGPD5,-0.2995602818589078
CHPF,0.36257007938470837
USP4,-0.6731896837328915
HMGA1,-0.9037846847406971
MSTO1,-2.0
EXOC8,-1.1312445332782526
RPS13,-1.011315313227834
E7EW28,0.5849625007211562
FARP1,-0.41656496902543755
TOMM5,-0.2141248053528475
NCAN,-0.7369655941662062
SRGAP1,-0.30610312772567977
RNF114,-2.9385994553358565
CTDP1,0.3923174227787603
SARDH,2.321928094887362
PAF1,1.1926450779423958
NPEPPSL1,-0.9868246112522668
C9IYR8,2.584962500721156
WWC3,-2.321928094887362
TSNARE1,2.321928094887362
GSTM4,-0.6780719051126377
YWHAQ,-0.6136628129744645
A0A087WTU9,-1.5849625007211563
PLXNB2,0.8667334691365358
MALT1,1.584962500721156
ELOB,-0.7868908194978886
PAK1,-0.8560182658099694
TMEM33,-0.1604646721932461
MRPS12,-3.807354922057604
ATP8A2,-4.700439718141092
ZSCAN18,-5.169925001442312
WASHC4,-0.3785116232537297
PPP1R8,-0.24100809950379493
EFTUD2,-0.22764667438646624
CADM3,-0.45685767497347096
CD44,-6.599912842187128
CCDC51,0.0
H7C0C1,-0.765534746362977
SFRP2,1.0
CPNE3,-0.0955776599822311
EPHB3,-1.3536369546147005
ZFYVE1,-2.807354922057604
AGAP5,-0.7567288489876361
COX5A,-0.2545728270855977
CSNK1E,-0.26678654069490126
SF1,-0.8006911917765933
ALB,-0.39762274394571445
WASH3P,-2.0
PPOX,-0.5043048373759312
PKM,-0.6964960349646352
RENBP,-1.3219280948873622
GPX4,-0.7139489414412342
GTF3C2,2.807354922057604
BRAF,-1.1844245711374275
NOLC1,0.0
ABC3G,-0.5849625007211563
MSH2,-0.026334147813462452
EIF3M,0.0
CHD9,3.4594316186372973
BSCL2,-0.8009665940950565
EIF2S1,-0.8465255193382818
PPP2R5C,0.41226041460827006
SLC25A3,-0.6595651548052759
CYRIA,-0.17687776208407935
TERF2,-0.4947646917495779
CYB5R3,-0.613576220531668
NUDT12,-0.8073549220576042
PPP6C,-0.8797057662822882
PON2,-0.10612835086134326
IGBP1,1.584962500721156
TOMM6,-0.3785116232537297
PACSIN2,-1.0494686762642997
X6RC15,1.0
RIC8A,-0.8539217405120554
TMX1,-0.8531586116707288
ECI2,-0.7818198299504666
MANF,-0.8883546441710909
ACIN1,-0.4876961080799447
A0A804HI83,-1.0
H7C2K6,1.0
CSTF2,-0.5323478745577344
BANF1,-0.6852674065168417
CAPZB,-0.43104981726747477
TMEM192,-0.3219280948873623
ARFGAP3,-1.0
DDX54,-0.7369655941662062
PEX1,-3.1699250014423126
RNGTT,-0.4150374992788438
WDR44,0.20645087746742624
TMED2,0.38702312310924725
HIP1R,-1.15754127698648
PCIF1,-0.6629650127224294
UBE2G2,1.0
TEX10,0.36257007938470837
ACO2,-0.5418937788292703
FBXL20,-0.19930880822340666
MACF1,-0.2822104627383822
DCAF16,-1.0
MEX3D,0.22239242133644802
MXRA7,1.584962500721156
NEK9,-1.226275855823676
PIP5K1C,-0.12029423371771177
ARF6,0.48542682717024166
GCHFR,-2.321928094887362
NRAS,-0.7198920808072649
UNC13C,2.321928094887362
CTNND2,-0.5054237357359493
GMPPA,-0.06088224214702235
SLAIN2,-1.0
NOVA1,-0.4600472341964095
MYADM,-1.137503523749935
USP5,-0.44176786489336556
RRP12,-1.6780719051126376
NGFR,-2.0588936890535687
DOCK3,2.321928094887362
VAMP2,-0.2305317661464643
KBTBD6,0.6780719051126377
FBL,-1.036675649712338
TRAPPC8,0.11547721741993588
CHD3,0.054966459217928545
SEPTIN8,-0.8209943687383006
HMGCS2,0.19264507794239583
STK38,-3.4594316186372973
RAB4B,-0.7369655941662062
CTSL,0.3479233034203068
GRPEL1,0.2954558835261713
PPIG,-1.220768678856784
SFXN1,-0.7787373320814168
MTHFD1L,-1.3625700793847082
WNT8B,3.169925001442312
SHISA7,-3.1699250014423126
SV2A,-0.27130202181739427
MRPS9,0.3479233034203068
ALDH5A1,-0.45710155884538783
HNRNPH3,-0.8434422222955166
CHMP2A,-1.0230836131130414
APOB,-1.0
SH3RF1,2.584962500721156
ATAD3C,-0.506959988719883
O14AG,-1.1154772174199359
PSMD2,-0.5626810533451497
BNIP1,-1.8930847960834882
ACOT8,-0.7020951343191539
IBA57,0.2630344058337938
CCS,-0.34944915765126716
RPS12,-1.0404142684459081
HNRNPCL4,-0.4382383427207099
CEP97,4.643856189774724
CR1L,1.584962500721156
DOHH,-1.0
SACM1L,-2.04758945851826
PLAA,-0.7629608026991507
LIMK1,-4.087462841250339
Q5Y191,1.0
SNF8,-1.4947646917495778
ZNF428,1.584962500721156
SH3GL1,-0.41750575486959346
HCFC1,-0.5563933485243852
FBXO22,-0.6280312226130421
CACNB2,4.247927513443585
TPM3,-0.6745315474073891
NOSIP,0.5145731728297582
DYNC1I2,-0.4499712893882309
RCC2,-0.7749334443652267
AKT2,-0.7500217469916525
K7EKS7,-0.5008982359326817
EIF5AL1,-0.6500575289430411
ZN726,-1.5849625007211563
BCS1L,-0.9175378398080271
PTPN1,-0.7198920808072649
MAGED1,2.321928094887362
FKBP2,-0.9465607410385396
OSBPL10,-4.857980995127572
TOMM22,-0.9569312781081141
ADGRL2,-0.9852029980719195
CHL1,0.289506617194985
GORASP2,-1.0544477840223765
GBF1,-0.47931071315729357
NAV1,-1.963474123974886
POTEI,-0.5411462684286666
EIF5A,-0.5465422824073356
PTP4A1,-2.584962500721156
ATP2B1,-0.6021581159836776
RTL8C,-0.2969817377571315
VWA1,-1.5849625007211563
SNRPF,-1.292781749227846
LRRC47,-0.49417046024221806
CD59,-0.5703157247567548
EPB41L5,-0.4150374992788438
CCNL1,0.0
EXOC5,-0.16349873228287934
A0A087WV20,-1.5849625007211563
IGLON5,0.0
ABR,-2.0
NUDC,-1.137503523749935
RPL12,-0.30050911125245666
EFL1,-1.2274104961030725
ANKRD17,-0.8744691179161412
NCL,-0.472775353235405
PARS2,0.41503749927884376
PSIP1,-0.22948184612276734
KDM3B,1.584962500721156
STAT1,-1.5122593069915118
ACP2,0.014075185211722742
EHD1,-0.6160245570120209
PRPF31,-1.1080597458574528
PI4KA,-1.5849625007211563
ALG1,-1.2648276876568445
PPP3R1,1.1375035237499351
RAB14,-0.7116343042095846
COG1,-1.493040011280117
NDUFA6,-2.0
ATAD1,-1.0291463456595165
EXOSC10,1.4150374992788437
FLAD1,-0.5208321633014404
MVB12A,-2.0
TSPAN14,3.169925001442312
IK,-0.8643449006424336
ANK1,-0.4436066514756146
MTREX,0.11547721741993588
SHPK,-0.7500217469916525
TITIN,-4.459431618637297
RPS23,-1.107803289534515
GSTP1,-0.6418648919556331
NME3,-1.106915203916512
RAN,-0.8123981850784154
H2AZ1,-0.74808162636038
RAP1BL,-0.4238077089065759
HADH,-0.6805281541034307
DNAJC6,0.48062584090642063
EIF3D,-1.0614005446641432
MAP2K7,-1.5849625007211563
PRDX5,-0.5043849848741263
TRIM2,-0.9174078731360874
LRRC57,-0.49259848257249667
GNAI1,-0.6206068801635087
RNF126,2.807354922057604
ABHD10,-1.0931094043914815
CPNE7,-0.1154772174199359
D6RF62,1.584962500721156
IQGAP2,-0.49185309632967467
AUH,-0.22239242133644802
A0A8I5KV50,3.169925001442312
APOE,-0.024247546246677347
ATP5MF,-0.6450834931587269
ALDH4A1,-0.15611920191728185
HNRNPAB,-0.6468902498643582
ARHGEF7,-0.29116584111667543
MRPL47,-0.15200309344504995
MARK2,-1.029747343394052
TSR1,-1.415037499278844
TRIM67,-4.247927513443585
BCL2,-0.8073549220576042
ADGRG1,-0.5284192986965863
SPTBN4,-1.1543281463912938
GSS,-0.8338906448995514
DNAJA1,-0.7004397181410921
BCR,-1.3219280948873622
LGALSL,-0.3119440063147402
DKC1,-0.7682041683200972
TIMM9,-0.5501970825604795
H2BC19P,7.066089190457772
NCBP3,-4.321928094887363
TMED7,-0.6387337571621369
A0A7P0TB92,-1.5849625007211563
IWS1,-0.3959286763311392
PIGT,0.5360529002402097
ME2,-0.8659466876004631
DHX16,-0.84799690655495
UBE2L3,1.0
ACAD8,0.0
TIMM23,1.3219280948873624
DIP2A,-1.137503523749935
HCK,-7.348728154231077
ENY2,-0.84799690655495
VBP1,-0.5849625007211563
H7C3C4,-2.584962500721156
GATD1,-0.4096442405086254
UBE2O,-0.42717125491469904
METAP2,0.7062687969432897
RPS9,-0.8834373148884329
F6QD81,-1.0
MRPS5,4.459431618637297
USP30,4.247927513443585
A0A2R8Y7B3,2.0
K7EP38,1.0
RAB33A,-2.321928094887362
ATP1A4,-0.8134810248544455
DDX42,-0.42449782852791007
DDX39B,-0.5455869037130481
PGRMC1,-0.6398244357556746
MDP1,0.32192809488736235
IPO7,0.03699420748220157
ADGRL3,-0.27130202181739427
AKR1C2,-0.44892104453074894
C8,1.078002512001273
TMM95,-3.321928094887362
LEMD3,0.0874628412503394
RECQL,0.5421494171821831
IPO8,1.0
RPS27,-0.7441610955704102
SDCBP,-1.6363093807213767
DUSP12,-0.6438561897747247
SRRM2,-0.6166713604484944
DCTPP1,0.41503749927884376
NLN,-0.7078192485066896
RPL17,-0.7074917388221764
CLIC4,-0.9358696625802845
TMEM43,-0.7277026728372381
DDOST,-0.28817584038179056
FBXW9,0.32192809488736235
AGO4,0.0
EHD2,2.321928094887362
QDPR,-1.3127874410308935
FZD3,-3.0
GK3,-0.5849625007211563
UBE2D4,-0.5972408304995929
GET1,2.321928094887362
DCUN1D5,1.4405725913859815
MRPL48,0.38702312310924725
CRBN,0.6166713604484945
HSPA1B,-0.6888948744071739
GNPDA2,-3.2016338611696504
A0A6Q8PHC1,-1.4739311883324124
TECPR1,2.0
SH3BGRL2,-0.2895066171949848
H0Y858,-1.3590810933048283
GNAS,-0.7320954167208427
TBC1D9B,-0.84799690655495
IPO5,-0.4825614934758523
P4HB,-0.7492282820817696
DEFA3,-1.4764380439429872
FN3K,-0.3656494723166802
GYG1,-2.1324502960236495
ILKAP,-0.3604022427019981
CRMP1,-0.7949682645108319
FBXO21,-0.6918777046376681
TARBP2,-1.5849625007211563
EDC4,-0.6615837823240687
ROCK2,-1.0780025120012733
PLD3,-0.5387118696653993
PNKP,-1.5040425053375885
HLCS,-2.0
ACACA,-0.8025539357937829
PABPC1L,-0.9730329523997306
MRPL46,-0.07800251200127321
UBE2V2,-1.0995356735509143
UBXN4,-0.9098021910284219
RCOR3,-2.807354922057604
PAM,-4.247927513443585
PPA1,-0.6158565086669399
MYL12B,-0.43295940727610627
UBB,-0.6880559936852597
CLCN7,0.16992500144231237
A0A7P0TAJ9,-1.5849625007211563
MARS1,-0.7327533428792917
SH3GLB1,-0.39091470507867
PDXDC2P,-1.1699250014423124
DCTN3,-0.4515932320943665
KRT25,-0.7813597135246597
STRAP,-1.043943347587597
SEC24B,-0.49595749466241124
ATP2B3,-0.21538903359868555
SLC12A5,2.321928094887362
NUP107,0.22239242133644802
A0A7I2YQP7,-0.5849625007211563
GMFG,2.273018494406416
ALG2,-0.36257007938470825
EIF4E2,1.584962500721156
A0A994J7B0,-2.0
MTFR1L,-1.0962153152593033
TUBA1B,-0.7770073955240785
CHLSN,-2.2801079191927354
LETM1,-0.39960745870923786
ARPC2,-0.4357364919466798
AP1M2,-0.9551457642157395
GDI2,-1.006443932902427
TM9SF3,-0.7224660244710911
MAP7D1,-1.7162070339994087
TBC1D10B,-1.4854268271702418
ETF1,-1.3297054454790818
GMPR,2.0
ACADSB,0.0
LIMA1,-3.700439718141092
PCBP3,-0.9829264866410586
SLC25A10,-0.9259994185562233
UQCRC2,-0.5082130080503177
RASSF4,-1.0
MRPL2,-2.4594316186372973
DHRS4,1.584962500721156
RHOT2,-0.8611722953026832
HTT,5.044394119358453
RBKS,-2.584962500721156
PIN1,-0.13897641314881046
LONRF2,3.0
PTPRA,-0.39231742277876036
A6PVU7,0.0
UPP2,1.0
NAMPT,-0.9918822821973113
MYH13,-2.222392421336448
RPL23,-0.8926869758573662
CORO7,-1.3025627700204312
DNAJC3,-0.24792751344358557
A0A994J4G5,-2.584962500721156
H2BC18,-0.7956715135602773
MFGE8,-1.0181931167659697
ACADVL,-0.3824231350241242
GPR89A,0.41503749927884376
SKIC8,-0.8703647195834043
AGRN,-1.6040713236688606
HM13,0.24511249783653138
CD81,-0.41131441323612644
K7EP35,2.321928094887362
EIF1B,0.0
PPP3CA,-0.5748026345009345
RNASET2,-0.7824085649273732
ARHGDIA,-0.49650159990774007
RUVBL1,-0.9151916121956385
CFL1,-0.6640147932373079
QRSL1,1.584962500721156
TIGAR,-1.1023617176296778
CDK11B,4.643856189774724
INTS5,-2.0
NME2P1,-0.7542435855980417
EEF2,-0.8626436825193513
RMND5A,-0.8744691179161412
GSPT1,-1.2073997068609752
M6PR,-0.2168113890731482
FBXL15,-2.584962500721156
SEPTIN7,-0.8298909695962942
FBXO41,-2.807354922057604
TMEM163,-0.4854268271702417
H2BC14,-0.7956715135602773
TMED4,-0.6658824961047237
PIGQ,2.807354922057604
RPTOR,0.0
H2BC5,-0.7956715135602773
HMGB1,-0.39273883217006933
NT5DC1,-0.2630344058337938
CLASP2,-0.4899247109098356
ERMP1,0.23073391393048392
PRDX1,-0.9021157804459287
A0A8V8TN96,3.169925001442312
CPSF1,1.0
LSM7,-0.23815973719476455
ABI2,-0.3006257091585585
MT,-0.1154772174199359
PRKAB1,0.15754127698648002
BAX,-0.4474589769712214
ACOX1,-0.5833314151422281
BRK1,-0.760812336120574
LASP1,-0.5655971758542251
AAAS,-0.6520766965796931
TOLLIP,-0.7334850254312443
PI15,-3.4594316186372973
F8VW93,1.0
TYSND1,-0.4854268271702417
PKLR,-0.9083695245344316
RANGAP1,-0.4854268271702417
A0A494C116,-1.3785116232537298
RAB3A,-0.7779540056170449
AHNAK,-0.4594316186372972
EMG1,1.584962500721156
MRPL39,-0.7004397181410921
ADGRV1,4.321928094887363
CHD4,-0.4813271670712479
FNDC3A,0.20645087746742624
SULT4A1,2.321928094887362
TPM1,-0.7036894392919076
MAPK10,-0.2562611772383675
KRT73,-0.84799690655495
A0A2R8YDQ0,-1.234465253637023
NOP58,-0.7144390251495982
GTF2I,-0.32992088564089306
H2AC21,-0.9489413995573156
NCK2,-0.7369655941662062
TUBGCP2,-0.6908959454702214
TUBB4B,-0.7876514035502984
CYS1,1.584962500721156
DPY30,0.16046467219324612
C2CD2L,-0.8300749985576876
SCP2,0.05062607306996814
RFC2,2.0
FIP1L1,-1.1492260087744763
A0A3B3IRN3,-0.862496476250065
PLCB1,-3.700439718141092
HDLBP,-0.7797078775363036
AK9,-0.19703684705955363
EIF2B1,-0.4405725913859815
ENDOD1,-1.5025003405291832
CO1A2,-0.8171359428501895
ATP6V1F,-1.0
A0A075B730,-2.584962500721156
CPNE8,4.247927513443585
SRP54,-0.8123729968242287
ERI1,-2.807354922057604
KRT4,-0.3219280948873623
A0A1B0GTW6,1.0
CDC42,-0.7116186422340988
UBR1,2.321928094887362
LPIN2,-2.0874628412503395
FAM171A2,2.807354922057604
EMC7,-0.27563444261342734
CENPVL2,3.700439718141092
A0A0B4J203,-0.6129768768907528
SLC12A7,2.807354922057604
LDHAL6B,-0.8365012677171204
GNG12,-1.0
MCTS1,-0.9248985447592812
PRRC1,-1.0901978089715783
PPIAL4D,-0.84799690655495
FAM98C,-2.321928094887362
GRK3,-0.4150374992788438
GNAI3,-0.5212678254037664
TRMT11,1.4739311883324122
ARF3,0.24311371171053386
SLFN5,-3.1699250014423126
PHF2,2.321928094887362
RAC2,-1.3479233034203069
CSTB,-0.2141248053528475
NUP43,-0.9175378398080271
MEAK7,-1.572889668420581
PABPC3,-0.7725895038969276
PAPOLB,-3.321928094887362
ERC1,-1.6811778159804593
PIK3R4,4.247927513443585
PPP2R1A,-0.6437031105617963
A0A0C4DG59,-4.459431618637297
MYCBP2,-5.20945336562895
KRT15,-0.5849625007211563
RAB23,2.584962500721156
SLIT1,-0.4966759683032011
PDXK,-0.8835905078846895
MED15,-0.4854268271702417
CUL4B,-0.29545588352617136
DERL1,0.6374299206152918
MARK3,-0.6483620689015979
MAPK14,-0.6495027529158669
LSM8,4.392317422778761
GRHPR,-0.8841192879498603
MACROD1,-0.41882907844121803
DDX25,-0.9857861407802991
MRPL38,0.36257007938470837
RPL37A,-0.7985847124298718
PCYT2,3.700439718141092
FH,-0.09667601941167374
A4KYM5,1.0
VARS2,-0.4550039065964885
FUBP3,-1.121015400961366
FAM149A,1.0
DCX,-0.5231842926884712
UBA3,-0.8863432182044327
OR8U3,2.807354922057604
PCSK1N,-0.2895066171949848
VPS45,-0.3476892579893398
KRT76,-0.9259994185562233
ABCF2,-0.862496476250065
PTCD3,0.29956028185890793
MPV17,1.222392421336448
TRMT112,-0.6014506235097252
PIK3C2B,-0.9175378398080271
BARGIN,-1.7369655941662063
MPZL1,2.807354922057604
POLDIP3,-0.19264507794239588
HSD17B4,-0.5843013205808535
CTSA,-3.1699250014423126
F6X4M4,-1.0277449904829044
CENPVL3,3.9068905956085187
CMAS,-0.6707499938153182
E7EVH7,-0.888968687611256
MANBA,0.777607578663552
NHSL1,-2.584962500721156
GOLPH3,-0.24100809950379493
LRRC1,-1.0
GLT8D1,-3.0
NAGA,-0.5167909980795767
MAOA,0.31410859042806305
EXOSC5,3.321928094887362
PDIA3,-0.7568100947780458
CRYZ,-0.7269815055935841
A0A804HHR9,3.807354922057604
KIFAP3,-0.8930847960834881
PDE12,-0.24792751344358557
ATP2A3,-0.685891409571937
RRP1B,0.22239242133644802
EXOC4,-0.6040713236688607
APOOL,1.0995356735509143
SRPRB,-1.3157758679057672
ARF5,0.5334322000810742
TMPPE,-2.0
VPS16,-1.3514723705013776
IDS,-1.2064508774674263
AK2,-0.4470379979659322
GNA11,-0.42950798208717705
NASP,-0.1995644918821865
CORO1A,-0.869777422591419
NOMO2,0.07800251200127316
PTPN9,-2.321928094887362
AGO2,-0.8135868757691186
SYAP1,-0.5849625007211563
PDE10A,4.321928094887363
PISD,3.169925001442312
KRR1,2.584962500721156
GLUL,-1.222392421336448
VPS37B,-0.5145731728297583
GRIP1,-4.700439718141092
SRSF11,-1.1591985948492538
MIPEP,2.321928094887362
TP53BP1,-0.3336573874694693
FAM8A1,-2.807354922057604
PPP3CB,-0.6842241320942327
XKR3,-0.8930847960834881
REEP6,-1.0
DYNC1I1,-0.46566357234881184
RAB6D,-0.13750352374993496
UBE2N,-0.05849564931014441
MEX3A,-0.1154772174199359
PRPF19,-0.6193140055119332
AGPAT5,2.0
AAKB1,1.0
DSTN,-0.5569800881952757
ZFR,-0.4854268271702417
H0YDT6,-1.0
H2AX,-0.8125280169759802
NQO1,-4.199672344836364
NECAB2,-0.8419351537677487
SCAMP1,-0.046542585937030194
TMCC3,2.321928094887362
GAP43,-0.4739311883324124
ANKRD46,-1.0
SELENOH,0.27563444261342734
A0A494C1A7,2.0
H3BNC9,-0.8282336517335201
DUX3,-1.5849625007211563
EDEM1,-0.16992500144231243
TCF25,-0.7004397181410921
CHD2,-0.5849625007211563
RABL2A,-0.8687554667217473
TSPAN6,2.807354922057604
MRPL19,-1.137503523749935
A0A5F9ZHH0,-1.0
SQOR,-1.8744691179161412
A0A0B4J269,-0.7868394649398088
GLUD2,-0.578783925792032
X5DQS5,1.0
PSME2,-0.8906833056565002
DPYSL4,-0.8235597939140851
CBR1,-0.9207367214753467
H2AJ,-0.7999395113423053
FAM136A,-2.0
HID1,2.321928094887362
SART3,-0.21187454942244863
PSMD11,-0.7851296983557903
OPA1,-0.8052120400581536
SRGAP2,-0.8895760103063494
HLA,-0.2691004065331479
TBC1D17,-0.685891409571937
E9PSI1,2.0
CBR3,-1.070389327891398
ALG11,2.584962500721156
SSBP4,-0.4150374992788438
A0A804HIB7,-1.5849625007211563
IDH2,-0.48348347608886816
HMGA2,-0.19264507794239588
RPLP1,-0.6951454184715791
POTEF,-0.5469138928719767
MECR,2.0
DDX1,-0.8724229489405358
LPGAT1,0.19264507794239583
NACA4P,0.15200309344505006
BAIAP2,0.0
PFDN6,-1.1197392442740957
A0A0G2JLL6,1.3219280948873624
XRCC6,-0.8270911401188663
GNG4,1.0
MAP1LC3B,-0.7234823648025842
CERS1,-0.4594316186372972
RRM2B,-0.5376567859427995
CNTFR,-0.9451380649654816
SARS2,0.9556058806415466
MTA1,-1.026472211361191
SMCHD1,-0.724721998411459
LGALS1,-0.9284467389749659
ATCAY,-0.5849625007211563
ARL3,-0.5849625007211563
COG3,-0.5849625007211563
LARP7,4.754887502163468
UTP14A,-0.7369655941662062
SLC4A8,-0.1795494203307126
ADO,0.0
ATP5ME,-0.6476982560691188
RPS21,-0.4464016701881789
SMG1,0.658963082164933
ABAT,-0.4197665436847122
ARHGAP21,-0.3654554704282834
ABHD16A,-0.17687776208407935
ANXA6,-0.38219743083645386
STAU1,-0.4974996594708167
SLC27A4,-0.6713772525386293
SMAD3,-1.1080597458574528
PPIF,-0.34513548604868755
LSAMP,-0.6338721012021025
THOC3,-0.8171359428501895
TUBA8,-0.7741662574070313
CSRP2,-4.247927513443585
ACTN4,-0.7788572063214896
ARL6IP5,-0.0313641709093351
CHKA,1.584962500721156
HSP90AA2P,-0.9101685897709345
CALM2,0.35190315433285213
RHOJ,-2.0
DMAP1,-1.5849625007211563
MDH2,-0.7047963138419895
OSBP,-0.9259994185562233
J3KR12,-0.8194277543581792
AASDHPPT,-0.1877462785295567
SLC22A17,2.807354922057604
FBXL18,3.700439718141092
GAA,-0.6826959316380852
KLC2,-0.5424625700032278
TRAPPC2,1.0
EML3,-1.7548875021634687
PSMC5,-0.5003847299507918
INTS3,-1.0
HIP1,-2.0297473433940523
MRPS25,0.9569312781081141
CNRIP1,-0.6033410300360109
PNP,-0.862496476250065
H3C1,-1.0167109402079275
EXOC2,-0.5145731728297583
A0AAQ5BIC8,-4.459431618637297
ANKHD1,-1.415037499278844
PSMD14,-0.38332863955150553
PRKCG,-0.4405725913859815
HSPB8,3.700439718141092
MAGOHB,-0.5499155536219554
MRPL21,-1.273018494406416
E7ENM0,-1.0
SYT1,-0.23420575277457514
KIFC1,-4.169925001442312
MRPL43,4.643856189774724
IRX4,-2.584962500721156
MPC2,2.2563397532597858
TCTN3,4.643856189774724
MBLAC2,-0.1154772174199359
HDGFL2,4.169925001442312
FADS2,-1.0
EARS2,-3.0
NUDT4,-0.2563397532597855
MLEC,-0.2097185913013373
LMNB2,-0.6129768768907528
CTR9,2.584962500721156
LYPLAL1,-1.9068905956085185
MTFP1,1.584962500721156
NUDT4B,-0.13750352374993496
PLCH2,2.584962500721156
MYBBP1A,-0.4150374992788438
A0A286YET3,-1.222392421336448
PPIB,-0.8937029173615336
DCHS1,-2.584962500721156
FHIP2A,3.169925001442312
EMC8,0.0
HMGCS1,-1.3942789391120463
ACSL3,-0.924006685696359
SEC61A1,-0.39522901819866346
A0A8I5KX85,1.0
EEF1E1,-0.5466343820620567
KRT75,-1.0874628412503395
LSM4,-1.265344566520995
KCTD12,-0.6900445467787135
CSNK2A3,-0.5895352305109803
NXF1,-0.3219280948873623
RPS6KB2,-2.584962500721156
MTMR1,0.9372642446520374
RPL10L,-0.6035781788885032
STK3,-1.222392421336448
COPS5,0.307181509518176
CAMK1D,-0.2630344058337938
H2BC17,-0.8237493603082727
XPNPEP3,4.523561956057013
PIK3CA,2.321928094887362
EPB41L3,0.1830661011303786
NMT2,-1.1488633859144828
RRP9,-0.2630344058337938
HMG20A,3.169925001442312
STRN3,-1.4656635723488118
SRSF9,-0.17794130436658948
TTC38,-1.5849625007211563
CBPE,-1.0
PPP4C,-0.15403362867242085
GLYR1,-0.5193741590935794
TMT1A,-0.041222662726512954
SEMA3B,-1.5849625007211563
H7C469,-0.4791678366985595
MYO18A,-0.2191172893035869
SUCLA2,-0.9560566524124031
SEPTIN2,-0.9653459309723149
ADAP1,-2.2129937233341983
GDPGP1,-1.3785116232537298
GPC1,-0.5849625007211563
AGAP2,-3.321928094887362
SNX14,-5.614709844115208
TRRAP,4.584962500721156
SEPTIN14,-0.523561956057013
TLN2,-1.0260892288686607
PGAP1,0.8339900485610707
PSD2,1.584962500721156
PCBP4,-0.4052564784862585
RTF1,2.0
PBDC1,-0.9510903995190535
EXOC3,0.30812229536233193
TOMM34,-1.628031222613042
INPP5K,2.321928094887362
ARSA,-0.8144443468439235
SLC1A5,0.10691520391651188
TBCB,-0.7129701130972277
DRAP1,-0.6406719333074438
TAMM41,-0.8073549220576042
FECH,-0.15611920191728185
IGFBP5,0.0
KIAA2013,0.070389327891398
CLPTM1L,-0.11103131238874384
SLC1A3,-0.6352357072023798
ACLY,-1.5040425053375885
HNRNPUL1,-0.8062976152745617
TRIO,-0.7975919531177069
TRMT1,-0.710493382805015
CISD1,0.2801079191927352
PCK2,-3.2016338611696504
HEBP1,2.321928094887362
UQCRFS1,-0.6780719051126377
TSNAX,-0.5976735524707101
ACAD11,-1.7432245846378887
SUN2,-0.21434014904171492
NPLOC4,-0.3016556998611012
PAIP1,-0.5184670889342495
PGAM2,-0.9068905956085186
FKBP5,-3.9068905956085187
LY6H,-0.08246216019197299
AHDC1,1.0
EXOC1,-0.862496476250065
POTEJ,-0.5161236243931582
TTC33,-2.0
ABRACL,0.41503749927884376
H3C15,-1.025271965833653
H2AC25,-0.720050123754335
E7EWF7,-0.29418310440445816
RFC4,-0.978626349207433
FAM241B,-1.0
GRWD1,-1.0
SLC1A2,5.906890595608519
ADA,-4.392317422778761
ARL6IP1,1.1375035237499351
CLIC6,-1.0
DDT,-0.19614252217862288
SRM,-0.9074878612104621
AKR1B1,-0.8509313446685426
PDGFRB,-0.5525410230287788
RBBP9,1.584962500721156
A0A1W2PRB8,-0.6724253419714956
GDF15,-2.3968901525685844
COPS7A,-1.310787537282162
ZC3H13,3.169925001442312
EPPK1,0.6780719051126377
IMPDH1,-0.9668331360648006
A0A087X2A7,1.584962500721156
TBL1XR1,-2.321928094887362
ANXA1,-0.4622595092014497
RAB11FIP1,0.41503749927884376
BNIP2,-0.4474589769712214
RAB6B,-0.6566982543200706
TPPP3,-0.7004397181410921
A0A2R8Y5F1,-1.5849625007211563
ARRB1,-2.584962500721156
KRT6B,-1.1408625358398496
PDE4DIP,-2.807354922057604
GMPPB,-1.3159043072595924
BUD31,-0.5250910447437575
RBBP4,-0.32839759021691994
KDM3A,0.0
GK,-1.3536369546147005
GGH,-0.7189441865281658
TMEM126A,0.8300749985576875
SUPT5H,0.7369655941662062
EIF3I,-0.5633971508862226
DPP10,3.0
GET4,4.087462841250339
RPS18,-0.755536341859986
KIF2A,-0.5221024768825797
DDX18,-0.6713772525386293
SEPTIN3,-0.6688350579761763
U2AF1L4,0.0
SEC23B,-0.4786535985748155
ARF4,-0.07830499549978952
PTPRJ,-2.321928094887362
APBA2,2.0
CDK5,-0.6753777959433747
DAB2IP,-0.4474589769712214
SRSF1,-0.5305147166987798
VCAN,-1.1277555471983727
PGS1,1.6629650127224291
COMMD4,1.584962500721156
COPS7B,-1.1346495266947818
RPL36A,-1.0282890444314237
VAMP3,-0.28757659009658537
YBX3,-0.16992500144231243
DAZAP1,0.10236171762967777
KMT5A,1.584962500721156
ADSL,-1.4675049191729794
MRPL10,-3.700439718141092
RUFY2,4.087462841250339
EZHIP,3.0
CARHSP1,-0.6273977670415528
CDC5L,-0.8744691179161412
OGDH,-0.5933162880510372
STK25,-0.9358696625802845
EXOSC3,-1.0
DEPDC5,1.584962500721156
NOC2L,-0.4150374992788438
HUWE1,-0.616892989612597
KCTD16,-1.1699250014423124
SSBP3,0.3103401206121505
ARPC1B,-0.9033239805883261
CYB5B,-0.5970353330217313
PLCB3,-1.7369655941662063
GRIPAP1,-1.919946748433965
ARG2,-2.807354922057604
TXNRD1,-1.2351034730860018
RCN2,0.4005379295837288
MAPT,-0.1337738522017519
PRSS2,-4.459431618637297
SCYL1,-0.6247884812143444
NLGN4X,0.6780719051126377
MRPS16,0.22239242133644802
PIGU,1.7369655941662063
RAB1B,-0.758991900496205
RABL3,1.037474705418663
BSDC1,3.169925001442312
A0A087WZV9,-1.0
NPM1,-0.6383636031249955
MRPL11,-0.9615258521853643
PRDX3,-0.579293750634464
DNAJB2,-3.700439718141092
MRPS22,0.14017765804826018
NSDHL,-0.39898955804697384
ATAD3A,-0.7411717051364174
RUVBL2,-0.6163645998602901
MOCS3,1.1375035237499351
UBE2K,0.19264507794239583
NT5DC2,0.06711419585853703
CCDC115,3.584962500721156
SUMO4,0.0
SGSM2,-2.0
NDUFA5,-0.7652348409381596
AKAP12,3.169925001442312
HNRNPL,-0.8119399826269691
RPL29,-1.0339473319233377
DNAJB11,0.722466024471091
SUPT6H,-0.07038932789139803
TIMM22,0.5849625007211562
CNP,-0.5072073432067109
NOMO3,-0.16702860408141423
STX7,0.2313255461064558
PCCB,-0.5620165690550762
TMEM63B,-4.643856189774724
VPS25,-0.5459683691052926
YWHAE,-0.8011613547401446
RRS1,1.584962500721156
B2M,1.0
TRAPPC6B,-0.6520766965796931
RAD21L1,-0.7686744538935442
CACNA2D2,-0.08963721248467638
ARGLU1,-0.8073549220576042
PDHB,-0.5999646640604029
LHPP,-0.4150374992788438
CRNKL1,-3.4594316186372973
POGLUT1,-1.6520766965796931
A0A804HJ69,-1.5849625007211563
GLG1,-0.7008963394586845
K7EJC0,1.0
TMTC4,0.5849625007211562
MEX3B,-0.2630344058337938
H3BMU7,-1.5849625007211563
BCL2L2,-0.8667334691365359
RAB2A,-0.5565024328721662
NOP2,-1.2630344058337937
ARFIP2,3.9068905956085187
HRAS,-0.5090136474878575
CLNS1A,0.40525647848625845
SOAT1,-1.415037499278844
PBXIP1,0.6374299206152918
DAD1,2.5360529002402097
ZMIZ2,-4.643856189774724
DCC,-0.7162070339994087
GTF3C3,-2.584962500721156
SUGT1,-1.5501970825604794
MINPP1,-0.46948528330122025
MRPL40,0.0
TRIM28,-0.7329445422753557
CHCHD3,-0.035623909730721375
PCDHA11,-2.0
FXYD6,1.0
ZNF512,-0.6290850539534638
ACADS,2.807354922057604
TFG,0.1685057243569781
A0A0A0MTR0,-3.0
NUMA1,-0.24485187186872145
MEIS2,-0.34792330342030686
PCDH7,3.9068905956085187
STAT5A,-0.4786535985748155
SH3BGRL,-0.6520766965796931
DAG1,1.584962500721156
OGT,-0.17402939977504894
SF3B1,-0.1764976553657985
H2AC20,-0.7875282924622444
MAB21L1,-0.561878887608115
OPCML,-0.1154772174199359
UQCRHL,0.7369655941662062
DCLK1,-0.6538479614318861
GALNT2,-0.7500217469916525
ACTR3B,-0.9358696625802845
PLRG1,0.6629650127224292
ARMC10,-0.7858751946471527
PPP2R5E,-0.47999294111961377
RAB21,-0.5849625007211563
CZIB,-0.3219280948873623
PRRT2,1.494764691749578
RBMS1,-2.321928094887362
STRBP,0.16992500144231237
DACH1,-0.4474589769712214
GLOD4,-0.28905892284200846
PSMA8,-0.8990710911492191
RPS11,-0.8942053359774034
SMAP2,0.3785116232537299
STARD3,2.807354922057604
NUP93,-0.4535721006978332
MTA3,-0.43171624042547413
NAV2,-0.2630344058337938
BLVRB,-0.7705181538772329
NRCAM,-0.7369655941662062
ABI1,-0.4540316308947075
RANBP2,-0.31463560232100624
TMEM30A,-0.6780719051126377
SRRT,-0.6121839694561806
NR2F2,0.033166863935199374
KCTD8,-0.710493382805015
G3V3Y1,2.807354922057604
H2BC3,-0.8237493603082727
GNL3,-0.5443205162238103
ATG7,-0.760812336120574
PIP4K2B,-0.9175378398080271
HEM4,-0.5145731728297583
STK24,-0.7818198299504666
RAB3D,-0.6555014935373099
CLCN4,-1.6724253419714956
ALDH18A1,-0.7441610955704102
AP3B1,-0.4518742674592153
PRKDC,-0.5200070588803865
FRMD4A,-0.4150374992788438
MON1B,-3.1699250014423126
CLN5,-1.3636383467721995
GUCY1B1,-3.4594316186372973
IGFBP7,0.32192809488736235
SRP68,-0.8804183842473275
SNX12,-0.7746237202247306
U3KQV3,0.1740293997750489
DGLUCY,-0.8845227825800641
DR1,1.584962500721156
S4A10,0.5849625007211562
DDX4,-0.9027027986450852
ACTR3C,-3.0
ESD,-0.7557845738098944
BCAT1,-1.367509129196258
LAMTOR2,-1.0
DUX1,-1.5849625007211563
KIF3B,-1.1699250014423124
DOCK11,-2.807354922057604
RAB7A,-0.699219679978836
ARHGEF18,-1.2954558835261714
ACTR1A,-0.6583086502912078
MAGED2,-0.6280312226130421
SRSF2,-0.7789731206877817
ZNF579,-1.0
KPNA4,-0.36257007938470825
MTAP,-1.6553518286125541
UQCC2,1.584962500721156
DNAJC10,-1.6400038642791182
GPCPD1,-1.6780719051126376
ABHD17B,1.584962500721156
GYS2,-2.584962500721156
MRPL49,3.169925001442312
BAZ1B,-0.490325626583081
ARPC1A,-0.6760555595141331
PRPF6,-0.03170885972733814
GNPNAT1,-0.4974996594708167
EPHA2,-1.2630344058337937
PPIAL4H,-0.84799690655495
F5H372,1.0
ARHGAP1,-0.7369655941662062
XXYLT1,-0.561878887608115
F8W031,-1.0223678130284544
VAT1L,-0.7267698270603177
ACTA1,-0.8705394752060385
RPL32,-0.787814735661959
COX20,0.22239242133644802
SPNS1,0.0
ADAMTS3,-0.4474589769712214
TBC1D7,3.700439718141092
MCU,1.874469117916141
STXBP1,-0.5776052430630157
KYAT1,-2.6189098326444937
RBM12,-1.197939377611909
PSMB4,-0.5703157247567548
GAMT,-2.0
RNF7,-0.3219280948873623
E5RHP8,0.0
CAMK2G,-0.4985307697285663
KIF1C,-3.321928094887362
AIP,-1.341036917835067
VAMP1,-0.6003925412907622
PHB,-0.6371404262748221
TIMM10B,-1.415037499278844
SDF2,-0.34103691783506696
K7EPH5,1.0
LAMTOR4,-0.38187063534364446
MCTS2,-0.2995602818589078
APOO,-0.9135852481825267
HNRNPCL2,-0.4382383427207099
LRP1,-0.34218693387116245
MAN2B1,-0.9668331360648006
PPIAL4C,-0.84799690655495
C9J240,0.5849625007211562
AFAP1,-0.08746284125033943
RGPD3,0.0
SMARCA5,-0.6474265876678097
TMEM68,-2.268488835925902
ISY1,2.0
TCP1,-0.7579753691995588
AKR1E2,-0.84799690655495
ZYG11B,-1.222392421336448
H2AC7,-0.7951802081115018
GNB5,-1.5849625007211563
EFNB1,-0.632268215499513
SLC4A10,2.523561956057013
DACH2,-0.758991900496205
ADD1,-0.3698782439645878
GAK,-2.807354922057604
NOP56,-0.6648715744389003
NMT1,-1.4482738287527757
RAB13,-0.8707169830550335
GNS,-0.7917580670065857
UBR4,-0.8386058560420437
DRG1,-0.765534746362977
H0Y4J7,-4.459431618637297
WNT3A,-2.584962500721156
TPM4,-0.7100199799981787
PSMC3,-0.7945967312914873
SH3GL2,-0.061400544664143256
RPL24,-1.0136605495837159
PSMG3,0.09953567355091437
CKMT1A,-0.23521646169403154
TTLL12,-0.44150971064003497
NDUFS5,1.584962500721156
ACOT1,2.321928094887362
KIF2B,-1.0
PTBP3,3.0
DDHD2,-0.8377285711011229
SRGAP2B,-0.34792330342030686
TRAP1,-0.8428037580618939
TAF6,-1.5849625007211563
CNIH4,0.0
EIF2B2,-0.8073549220576042
SULT1A1,-0.08017034868398333
RANBP9,-0.5145731728297583
POLRMT,-0.3219280948873623
PGK1,-1.0180924127592352
TMEM263,-0.9668331360648006
DLGAP5,-1.0
CPSF6,-0.2718046154615259
RSRC2,-0.4594316186372972
PABPN1L,-3.1699250014423126
FGFBP3,-0.9068905956085186
CDK11A,4.0
TBPL1,1.584962500721156
EDIL3,-1.254317188732685
DHX57,-1.1699250014423124
EPHA3,-1.0780025120012733
RAC1,-0.9684542857032201
TSN,-0.4396231375571169
TCAF1,0.8073549220576041
UPF2,-0.2630344058337938
MTX3,0.0
HSPA6,-0.5765009219729602
YTHDC1,-1.0544477840223765
MRPS35,0.3923174227787603
STRN,0.36257007938470837
NRXN2,-5.087462841250339
WASF2,-1.2479275134435857
CDK13,6.727920454563199
RTRAF,-0.22853155843385453
ATP13A1,-1.0
KRT13,-0.7078192485066896
SIGMAR1,3.321928094887362
SGF29,-0.4150374992788438
NSG2,0.32192809488736235
MOB1A,-1.0
COX6C,-0.18442457113742744
BOLA2,-1.462478494196161
A0A0A0MT16,-4.754887502163468
EEF1G,-0.5579954531208869
DDX19B,-1.3899465183160133
ADAM9,0.4005379295837288
ATP6V1B1,-0.8269837288065367
MCCC2,0.15611920191728193
MID1,-3.0874628412503395
BUB3,-0.9634741239748861
IQSEC2,3.321928094887362
RBFOX1,6.022367813028454
AGTRAP,1.0
SMIM20,-3.0
SSBP1,-0.8210298589546807
RRP1,-1.070389327891398
NDUFAF4,-1.0
PCBP2,-0.8525841760506019
EHD3,-0.7678265578709667
HSD17B11,0.0
PWP2,-0.7369655941662062
SYNE1,1.4405725913859815
RBMXL2,0.32192809488736235
EIF3CL,-0.29146281416031133
LGALS3BP,-0.9876162755441676
CHD8,4.0
SARNP,0.06871275008401431
DIABLO,0.0544477840223765
POU3F2,0.0
UBC,-0.6979970288771916
ATRX,2.321928094887362
SEC23A,-0.9926204696344025
NRBP2,-1.1699250014423124
DIRAS2,1.0
PPIL1,-1.0641303374197155
PGAP4,1.0
BCLAF1,-0.9414053460891519
RPN2,-0.6614606381951996
MGMT,3.169925001442312
RNPS1,-0.45147949524690406
K2C75,1.584962500721156
DCAF1,-0.7369655941662062
GPSM2,-0.9749090190371694
TOR1AIP1,-0.7796099315746999
PMVK,-0.3566935130480389
HSP90AB2P,-0.7734749632886389
EML4,0.0
PLXNA4,-0.1443899093351748
BCKDHB,-0.5350372753894739
UNC13D,1.0
UNC119B,-0.3219280948873623
H0YET2,-0.6280312226130421
PUM3,1.7369655941662063
RBM12B,0.32192809488736235
DUSP3,-0.505235308250422
DDX50,-1.5324950808270208
E7EP82,-1.0
AP1S1,0.7884958948062882
INSRR,-3.321928094887362
SCAMP4,0.0
PPFIA2,-0.7526899464592226
LMNA,-0.5616432301360311
AKAP17A,-2.115477217419936
A0A7P0Z4C0,-1.5849625007211563
UFM1,-0.9068905956085186
A0A6Q8PH97,-1.4739311883324124
RRAS,0.2630344058337938
ARHGEF11,-1.253756592245783
HEATR5B,0.6780719051126377
CORO2B,-0.4594316186372972
ZC3HC1,-4.0
AK1,-0.6593308351725041
PTP4A2,-2.584962500721156
A0A494C1T9,2.321928094887362
FTO,-0.7929784361956665
RGS14,-2.807354922057604
PPP2R2B,-1.222392421336448
TXNDC12,-0.15200309344504995
ACSS2,-1.0
PLGRF,1.0
ATXN10,-0.4432343911094959
SGIP1,5.754887502163468
LIPG,-4.169925001442312
PRKCI,0.0
CNNM2,-1.137503523749935
GSTA4,-0.6280312226130421
KDM1A,0.06404136180891387
PPP2CB,-0.5430555489872326
RRAGD,0.27563444261342734
MFN1,-3.0
CETN2,-0.23446525363702297
KRT26,-0.5405683813627028
ISOC1,-0.5305147166987798
APEH,-1.204617719608472
MECP2,0.1048423658574981
PPFIBP1,-1.0
GRAMD1A,-1.5849625007211563
F8VP50,-0.590479505688722
HMGXB4,1.0
COASY,-0.4391116342577015
COG5,-0.8333501305905487
MYH11,-0.7909044012770099
RABL2B,-0.8687554667217473
XRCC5,-0.8142384505069786
L2HGDH,0.7369655941662062
FTL,-1.222392421336448
SEC23IP,-1.1530793300043891
CDK12,5.523561956057013
TMEM201,-0.3048545815284209
PRPF38A,-0.3344190390705592
BCAS3,-0.4150374992788438
COL1A2,-1.5145731728297582
CADM4,1.0
TOMM40,0.38187063534364446
SF3A1,-0.11103131238874384
IMMT,-0.4671887813299506
RRAGA,-0.8845227825800641
LYPLA2,-1.0713846332367654
TBCE,-0.7820371033004088
SF3B2,-0.5753123306874368
FIBP,2.584962500721156
PPP1R14B,1.0
UCHL1,-0.534819875383694
RALGAPB,0.3479233034203068
PPM1L,-2.807354922057604
AKAP8L,-1.5324950808270208
NR2F6,-0.6780719051126377
PURA,-0.22948184612276734
GANAB,-0.7568956967917823
DENND10P1,-2.584962500721156
PLP2,-1.0
TCEAL2,-1.3219280948873622
MFN2,-1.1289478572173843
HPCAL4,4.247927513443585
MORC2,-0.4150374992788438
CLPTM1,3.321928094887362
ARSB,-0.7085371858396887
EIF5B,-0.6713772525386293
DNPEP,-1.5438238059276697
RCC1,-0.4675049191729794
PTRHD1,0.32192809488736235
CENPVL1,3.700439718141092
ALDH3A2,-0.6119295483214255
PRKAA2,-0.5145731728297583
PSMD10,-0.5691606445982632
PRDX6,-0.365549316459728
OXCT2,-0.862496476250065
CRKL,0.38702312310924725
APEX1,-0.27089093902763794
ATXN2L,-1.123382415505282
WLS,1.7589919004962051
RALYL,-0.8410104762388432
DDX17,-0.6627662259441762
SNCG,0.32192809488736235
KC1G2,1.584962500721156
A0A6Q8PF18,-0.903138460747411
TIMM8A,-0.5145731728297583
GALE,-1.5305147166987798
DEPP1,1.584962500721156
SLC25A31,-0.18286405714981055
MED1,0.5849625007211562
RSL1D1,-0.8807010716276555
MSN,-1.1199541645064248
LSM2,-0.9385994553358568
H7C4K7,-3.0
IDI1,-0.3561438102252753
FERMT2,-1.7208459288029292
FBXO2,-1.2895066171949847
NDUFS7,-0.6014506235097252
USP48,0.6780719051126377
A0A6Q8PGS2,-1.4739311883324124
FAM91A1,2.807354922057604
HS2ST1,-1.243271151012364
SLC6A13,1.0
PDCD11,-1.0216950710993191
SEC11A,0.14519791553993572
UFL1,-0.8588239370393058
ZW10,0.5849625007211562
A0A2R8YGD6,-1.5849625007211563
MAK16,-1.4854268271702418
IMPACT,-1.4854268271702418
PPP4R2,-0.8278190246173196
UBQLN1,-0.3885652879176529
PTPRD,-0.7299108366322558
CA14,2.321928094887362
IMPDH2,-0.4719061568445503
A0A6Q8PFL9,-0.8836758820327681
COQ6,-2.146841388329271
PGPEP1,-2.584962500721156
A0AAQ5BH17,2.321928094887362
MZT2B,-1.3575520046180836
GPC4,2.584962500721156
STXBP3,-1.369233809665719
PPA2,0.03527547474753053
FMR1,-0.743391863325639
RPL35A,-0.7228904089544834
CFAP20,-0.5405683813627028
GPNMB,0.5305147166987798
EEF1D,-0.8227301479445199
EPS15L1,1.1219905243786104
PARP2,-1.3439544012173614
PRKCSH,-0.5927926151435803
ELP1,0.6280312226130421
LMAN2L,0.2630344058337938
NUDT2,-1.0641303374197155
STK33,-2.584962500721156
PLXNA2,0.06413033741971556
CARM1,-0.9834171158043957
TUBB,-0.7708395212991311
PUM2,2.321928094887362
CALR,-0.6652520853274263
ALDH3B2,3.321928094887362
TUFM,-0.7466157641999255
EPRS1,-0.7983661388303496
CDH13,-0.5849625007211563
XPR1,-1.5849625007211563
EXOSC4,-0.36257007938470825
CDH6,1.584962500721156
DDX5,-0.5375351443765521
HSP90AA5P,-0.4786535985748155
MPC1,-0.24100809950379493
ANXA2,-1.3279834869499099
A0A2R8Y7X5,-1.5849625007211563
TIMMDC1,-1.8073549220576042
RPRD1B,-0.6214883767462701
MRPL13,-0.758991900496205
K7ESF4,-0.6374299206152917
RPS16,-0.7175257133425188
CAPN5,-0.4464016701881789
ASAP3,-2.584962500721156
ECH1,-0.724794830531064
ACTL6B,-0.03170885972733814
CSNK2A2,-0.8051838230159769
ALDH1B1,-0.055495112591703574
PRC2B,2.0
HP1BP3,-0.5498830882760589
ASAH1,-0.8735218460233501
DHRS11,0.8073549220576041
ZNRF2,-3.0
SIRT6,-2.0
NAXE,0.574694165267329
SPTB,-0.8395353278067539
MAPK4,3.4594316186372973
ARPC4,-0.8642462582000249
G3V4V5,3.4594316186372973
RAE1,-0.8254543379038617
ACAP2,-4.954196310386875
RTCB,-0.8045544778766488
NDUFAF2,1.584962500721156
POU3F3,2.584962500721156
NARS1,-1.0836579290469097
UQCRQ,-0.3219280948873623
TUBG1,-0.35363695461470046
M0R076,-0.7813597135246597
SYT7,1.0
CREB1,2.584962500721156
ZC2HC1A,-0.4279533871641293
UQCRC1,-0.5325310622972844
SUCLG2,-0.2278059175228123
PRKAA1,-0.7935491225325738
DCXR,-1.2550214362572476
CES2,-2.0
FDFT1,-0.7749334443652267
MRPS34,-0.46566357234881184
PPM1E,-0.2094533656289497
PTGES2,0.6272733055791205
HTATSF1,-3.807354922057604
NPTN,-0.33184356375244517
X5D2U8,-1.5849625007211563
KPNA3,0.15754127698648002
POFUT2,-1.222392421336448
UBA6,-0.7036069972197752
SELENOO,1.3219280948873624
CFL2,-0.8374469872140401
V9GYJ0,-1.5849625007211563
USP15,-0.523561956057013
MOGS,-0.5690911080782741
DHODH,1.584962500721156
SCD5,0.41503749927884376
CAMK4,-0.84799690655495
PDZD8,-2.807354922057604
EMC4,0.4694852833012202
CLK3,-4.087462841250339
NAA50,-3.321928094887362
STX4,-4.0
ACTBL2,-0.6809034958958002
TNPO2,-0.30521422132609266
MPDU1,5.044394119358453
SUPT16H,-0.3719687773869579
PIP5K1A,-1.15200309344505
COPS2,-0.8019495390355136
ATP4A,-0.6352357072023798
MCM7,-0.18641312423088133
NLRP2,-3.1699250014423126
CSPG4,2.807354922057604
ANP32D,-0.10962449117449813
PRSS3P2,-1.1926450779423958
AKTIP,2.807354922057604
WASF1,-0.8536105130184768
MOAP1,-0.20163386116965057
AKT1,0.18057224564182084
VIRMA,3.0
POLR2L,2.0
NCBP1,0.22239242133644802
RAB22A,-0.38702312310924736
PRKAR2B,-0.5349316234354003
VEZF1,-1.1926450779423958
PUF60,-0.6988903766201919
A0A6Q8PGQ9,-1.4739311883324124
CMPK1,-0.6840956927404075
A0A3B3IS95,-0.6502539609728754
H1,-0.74236173472715
GPS1,-0.2185883451946778
LMNB1,-0.48051133675612523
A0A0D9SEJ5,3.321928094887362
ANGPTL1,-1.222392421336448
TTC1,-0.6691755046242415
DEGS1,0.0
POTEKP,-0.47441604635777557
MRPL18,-1.1926450779423958
RPL13A,-1.0452292539929977
RPAP1,0.3785116232537299
NGLY1,-0.5305147166987798
ABCB8,2.584962500721156
NFS1,-0.6014506235097252
TPM2,-0.7714684415661455
TALDO1,-1.0131753887477333
K7EK78,2.321928094887362
EIF4G3,-0.7918495012393307
U3KQA9,0.1740293997750489
CKMT1B,-0.3356030317844388
SSB,-0.6665466418425053
GLRX,0.6880559936852598
FYTTD1,-2.321928094887362
RPS3A,-0.7561827316183265
EIF3L,-0.7051818845054736
PPIL3,-0.9510903995190535
HSPA12A,-0.21370669347022545
CDC40,3.169925001442312
RAP2B,-0.22239242133644802
TUBA3C,-0.7837977285381333
MMRN1,-0.4474589769712214
GALT,-2.263034405833794
PGM2L1,-0.25311893696871113
ORC3,-1.3219280948873622
ZFTRAF1,-3.584962500721156
CHCHD6,-0.41953889151378465
SRSF8,-0.7842713089445628
HDHD2,-0.517217894085322
PLCB4,-6.129283016944966
AIDA,-2.321928094887362
CASP3,-0.7824085649273732
H3BM07,1.584962500721156
AKR7L,-1.0204641025597156
TBK1,-6.339850002884625
NDUFS1,0.26505357347044584
CX,-1.0
UBE2V1,-1.0395283641866373
PSMC1,-0.6573133449458402
DARS1,-0.8029631529404464
SET,-0.6613869415773175
A0A590UK03,3.169925001442312
NUP37,-0.4150374992788438
PSMD4,-0.5123745007645499
BOP1,-0.36257007938470825
CAPNS1,-0.20328359838874335
CDC42BPA,-0.27563444261342734
SMG9,1.584962500721156
AGPAT1,-1.5145731728297582
BRCC3,-1.0780025120012733
H3BN59,-1.2288186904958809
PITPNB,-0.8744691179161412
PITRM1,-0.2641319296911289
A0A024QZW4,-0.862496476250065
PSMD13,-0.5206032549247781
ST13,-1.0390251569820628
PHF14,-0.6520766965796931
PLEC,-0.5010051973088345
MRPS23,-0.506959988719883
CAMSAP2,-0.4594316186372972
DNM2,-0.9256178036774236
RABGGTB,2.321928094887362
METTL26,-2.807354922057604
HMGB3,-0.5613756804035402
NAGK,-0.8154828029410044
PCCA,-0.5098610454804375
SLC27A1,-0.7705181538772329
PRPH,-0.5809605701636599
MESD,-0.6780719051126377
TIA1,-1.7110422491007313
NUP35,-0.39231742277876036
CUL3,-0.8249132934419087
ANKRD11,-1.0
E7ENW7,-1.0
GTF3C4,3.0
RTL8A,-0.9328858041414629
VTI1B,3.0
AGPAT4,0.289506617194985
ESYT1,-0.9581798243053731
H2BC21,-0.8237493603082727
LTA4H,-1.1408625358398496
DCTN5,-1.0
CYP27A1,2.321928094887362
HMGB1P1,-0.35230174393088115
ENO3,-0.693338661765948
MRPS2,-1.0
KDM5B,4.643856189774724
GTF2F1,3.807354922057604
NUDT3,-1.137503523749935
CLSTN3,0.6374299206152918
ATP5MG,-0.5609239347081881
RRBP1,3.9068905956085187
FJX1,-0.3219280948873623
SGPL1,-1.0107264065930586
H0YBA5,1.584962500721156
JPT2,4.643856189774724
ZC3H4,2.807354922057604
PTGFRN,-0.777607578663552
SNRNP70,-0.43295940727610627
ALDOB,-0.6890709040618948
WDR13,-0.9328858041414629
MRPL45,0.6918777046376682
TTC5,-0.5849625007211563
VPS53,5.832890014164741
MACROH2A1,-0.7238703450399155
GUCY1A2,-2.807354922057604
SCG2,0.3942789391120464
RGPD1,-0.3719687773869579
UNK,3.0
CDKAL,0.7369655941662062
SRGAP2C,-0.4854268271702417
PCDHGB7,0.0
HSP90AA1,-0.8502215716694639
TOP1MT,0.7062687969432897
PLXNA1,0.20645087746742624
CBS,-0.6520766965796931
TKFC,-0.8036027871964967
PXDN,-1.5849625007211563
DCLK2,-0.14268841716851008
H7C417,1.0
PTK2,-5.169925001442312
ERGIC1,-0.6129768768907528
NDUFS8,-0.9662116865437167
ZPR1,-1.0727563424353141
RPL13,-1.0469210473874926
RUFY3,-1.0093378645793363
PDS5B,-0.30666133823405195
VAPB,-0.13326653086346424
MED4,2.321928094887362
SAE1,-0.3565462917569382
SFXN5,2.321928094887362
ADK,-0.9656484952092229
RPS2,-0.8721348046890236
STK26,-5.20945336562895
ARMH3,2.0
GFAP,-0.3902568309268292
IRF3,-3.1699250014423126
RDH14,-0.8073549220576042
PLIN2,-2.712718047919529
SLTM,2.807354922057604
C2CD4C,2.584962500721156
TMEM106B,-0.5360529002402097
FLNB,-0.540080902040312
VP37A,4.0
SPTBN1,-0.56261292553051
MTIF2,-2.0
PFKP,-0.9409611048629825
A0A590UK80,-0.6780719051126377
NLE1,3.321928094887362
H2AC18,-0.7879125870552907
RBPJ,-0.3810901673555061
G3XAD0,-1.0
SPAST,-0.8385365773058837
PDAP1,0.2630344058337938
SRR,-0.9621979672876155
MED23,-0.24100809950379493
DBT,-0.7300792085809662
PRKAR1A,-1.0641303374197155
CMIP,-1.2823997307007249
ZNRF1,0.0
MYEF2,-0.8132878778113453
SFXN4,-1.0
ALDOA,-0.7405026968657051
RPS4Y1,-0.6400430259138032
VPS33A,-0.9175378398080271
PNO1,-2.321928094887362
DECR1,-0.473189252064639
TRIQK,-1.0
DDAH2,-0.5509905714653789
RPLP2,-0.0984037040609945
THEM6,1.3219280948873624
H7BYZ3,0.8073549220576041
ACAT2,-0.9236966326868027
UTP14C,-1.0
DDX41,-2.0995356735509145
LSM12,-0.2895066171949848
SSR1,5.78135971352466
COX5B,-0.5994620704162712
SETD7,-1.5849625007211563
EPHA5,-1.246437895303099
GNAL,-0.6805977797716655
NEGR1,-0.29545588352617136
ARAF,-3.700439718141092
MAD1L1,-2.807354922057604
SAP30,-1.5849625007211563
PPIAL4E,-0.84799690655495
GPR108,1.0
GSR,-1.3649968167792483
CSK,0.043721377429317775
BZW1,0.0
G3V3H7,-5.0
THY1,0.777607578663552
GLO1,-0.7804336227423155
SEC63,-0.16992500144231243
RAB4A,-1.0544477840223765
OXA1L,-2.807354922057604
PRKAG2,4.392317422778761
N6AMT1,-0.7369655941662062
LAS1L,0.0752881273042372
STT3B,-0.4020984435713456
SLC3A2,-1.1704034279235296
RIOX2,-2.807354922057604
ELAVL4,-0.10134924392284558
PGAM4,-0.5818961976733728
PLPBP,-0.7575758738414924
SERPINI1,0.0
SELENOF,-0.8598223419517398
SF3B4,3.4594316186372973
NSUN2,-0.929610672108602
MAP2K4,-1.2016338611696507
SRPRA,-1.328054197684204
SMAD2,-1.1699250014423124
CNTNAP1,0.7369655941662062
HSPA2,-0.7752296400324148
PSMD8,-0.3711668791722768
MGST3,2.375039431346925
LUC7L,-1.0
PPFIA1,-0.22431729826094013
SLC25A25,-1.3219280948873622
PAAF1,0.667424660913129
YARS1,-0.838112317623106
NIT1,-1.0249463571302309
IDH3A,-0.38414349133306
RPL11,-0.8277126351005953
PPM1A,-0.4052564784862585
MTMRE,2.584962500721156
DLG3,-0.9434164716336325
CTSD,-0.5127176162512765
NOP9,-0.7935491225325738
DLST,-0.6818240399737452
RPRD1A,-0.028014376169596632
VPS50,2.0
UROD,-1.0903862364571055
K7EMF3,1.0
S100B,-0.5208321633014404
ASRGL1,-0.5405683813627028
BDH2,-0.6682908843200522
CD33,-1.5849625007211563
SRI,-0.28862611973653474
PEG10,-0.7428421605028755
ACBD5,-1.070389327891398
MAPRE2,-0.6455692654253082
HK2,-0.6898704764309048
MACROD2,3.169925001442312
LYRM7,-2.0
K7EJU8,1.0
PPP2R5D,-0.4588099013077493
KGD4,1.222392421336448
M0R2C6,0.777607578663552
RHOQ,-1.8073549220576042
ANKZF1,0.48542682717024166
RPN1,-0.7490891532486956
S100A10,-1.0
AGK,0.07853340254668963
WNT5A,-3.1699250014423126
DPYS,-0.8249132934419087
RETREG3,-1.3286227474613705
RPS6,-0.6146019911610302
PABPN1,-0.9226942738325513
AGAP11,-0.7369655941662062
FLT1,-0.5525410230287788
TM9SF2,0.5474877953024933
TMA16,-4.754887502163468
UBE3A,-0.7958592832197748
BANP,-2.807354922057604
TBC1D13,-0.9541963103868752
MYH14,-0.9875090558168031
DCD,2.584962500721156
FRG1,-4.247927513443585
U2SURP,-0.7548875021634687
RASSF2,-1.0
TMOD3,-0.5104842847618797
HYOU1,-1.0593603346434546
GREP1,2.0
PDHA2,-0.30116953472056485
STAG2,1.584962500721156
ILVBL,-0.4859662532527606
J3QRK9,-1.0
NFU1,-1.765534746362977
SYNGR1,3.700439718141092
TCEA2,-1.0588936890535685
H2BC4,-0.7956715135602773
UGP2,-0.9467750610331235
GALK1,-1.4360991148066735
COG8,-1.0588936890535685
TMCO1,-0.0324214776923775
AFDN,1.0995356735509143
RAP2C,-0.6463630453852997
NAA16,-2.2801079191927354
SLC2A13,1.584962500721156
SAMHD1,4.0
MTSS2,2.321928094887362
HSP90B1,-0.7229146651766035
RGPD4,0.0
VPS4B,-0.8216627587414876
IMP3,0.0
ELMOD2,-0.5405683813627028
H2BK1,-0.8430670187770071
H2BC11,-0.8192831884939479
CASP6,-0.8259706002249511
TRA2B,-0.7301604162610918
MAB21L2,-0.5501970825604795
CPNE6,3.321928094887362
E9PNW4,-0.5563933485243852
CYTH2,4.643856189774724
RPL36,-0.7468810630312888
CCT5,-0.7245326133201647
UBAC1,-0.7369655941662062
LCMT2,1.584962500721156
ATP1A3,-0.5313631113371007
NAXD,-1.572889668420581
PFDN5,-0.5018807592266009
DMXL2,-0.46097378344570283
PABPC5,-1.7369655941662063
ALDOC,-0.8155754288625724
ABHD13,-1.5849625007211563
PATL1,-0.08246216019197299
RPAP3,-0.4150374992788438
UBA1,-0.8401448571752737
EPHA6,-1.1970368470595536
MDN1,-1.415037499278844
PRKACA,-0.5329092318391625
CELSR1,3.4594316186372973
ERLIN1,-0.4203317989483568
PRKACB,-0.5612639804975832
NUP188,-1.4854268271702418
HDGF,-0.3806040022149699
HECTD3,-0.8073549220576042
FARSB,-0.6382607268812053
PSMC2,-0.7970321627381846
CACNB3,-1.2630344058337937
RING1,-0.28010791919273537
RPS15A,-0.6697515889028842
CHMP4B,-0.6374299206152917
CLTB,-0.6181293646563556
H3BN42,-2.584962500721156
NEBL,-2.321928094887362
TUSC2,-0.3219280948873623
ELOC,-0.7258250365610058
GCSH,-0.308752706139629
GNL1,-0.9111187189137497
MYO15,-3.700439718141092
AK4,-0.9100578746872016
PSMC4,-0.8527039092324775
PBX3,1.584962500721156
H3BMM5,-0.3219280948873623
CSDE1,-0.3785116232537297
APOC3,-1.0995356735509143
STX16,-1.6520766965796931
NIBAN1,-2.321928094887362
MTHFR,-1.3734583955274444
WDR1,-0.8137413647172652
NIPSNAP1,-0.6228591084796847
SKIC2,-0.44093936272160095
AASS,-0.3048545815284209
K7ERI8,-0.9328858041414629
SEPTIN9,-1.2637134809420667
WASHC3,-2.3785116232537296
LRRC40,-0.8204505796692872
RAB30,3.0
COG6,-1.137503523749935
PCNA,0.0874628412503394
ELOA,2.0
SRP19,-2.321928094887362
CCT3,-0.7889560112320952
A6NM71,-0.4150374992788438
SYNE2,1.5124500009367883
GBA1,-0.1213062962221336
RAP1GAP,1.0
AHSA1,-1.0049322955422306
ABCB7,-0.13750352374993496
RCN1,-0.03170885972733814
SAP18,0.5943611987234058
IGSF21,-0.5849625007211563
HSPA14,-1.0
MMGT1,-0.24100809950379493
SEC22A,-3.807354922057604
VSTM2L,-0.3219280948873623
MRPS26,-1.0
PPP1R7,-0.8003515343198417
RPL21,-0.6134510576808518
SMU1,-0.33518419158962914
NMU,-3.1699250014423126
RBM15B,0.41503749927884376
USP22,0.0
KPNA5,-0.2011398721078513
NDUFB4,0.29956028185890793
IRF2BP2,2.321928094887362
SNRPD2,-0.47175189027316516
RPL27,-0.5490854643925597
A0A2R8YEY8,-0.5221024768825797
OS9,-0.4150374992788438
RPS14,-0.6422064525556318
LAMTOR1,-0.7108358623415524
UQCRH,-0.5849625007211563
CADM2,-0.4150374992788438
NUP98,-0.31478602564334257
EIPR1,-0.12553088208385899
F8VP03,-0.7705181538772329
ZNF638,1.584962500721156
BIVM,2.0
RGPD6,-0.31410859042806305
ALYREF,1.1219905243786104
VPS41,-0.15200309344504995
NAGLU,-0.36257007938470825
ANP32A,-0.7023194513593148
UQCRFS1P1,-0.7538394127306022
WDR82,-0.9510903995190535
STK4,-0.9259994185562233
NARS2,0.210035214816465
COIL,-2.0
FLT4,-0.5081469036703253
BRIX1,-0.2630344058337938
CLGN,-0.5376567859427995
CPNE9,3.321928094887362
A0A8V8TMP2,1.584962500721156
A0A8Q3SIA8,0.0
ALCAM,-1.0
CELF3,2.807354922057604
PAPSS1,-0.6374299206152917
YP008,2.0
DDX39A,-0.7308733208505821
GPR89B,0.41503749927884376
RBX1,-1.2630344058337937
ATP9A,-1.3504972470841332
NEK6,0.06871275008401431
RAB35,-0.7426121573073482
NAB2,0.0
PSME1,-0.7465516429954041
ACSL4,-0.7598659962762851
HK3,-0.9808911770522952
NEFH,-0.3884023727753771
SSU72,1.584962500721156
DHX38,-0.4974996594708167
WNK4,-1.1267571422859388
SCAMP3,-0.6807214835265869
APLP2,-1.4739311883324124
SNU13,-0.787696396287136
IQGAP1,-2.109917692078035
ATP5MGL,-0.9652345818393234
PBX2,2.584962500721156
HSPB1,-1.1303031028289177
AKR1B15,3.700439718141092
HNRNPC,-0.6468500609474509
DDX3Y,-0.5239718708320079
SEL1L,-0.6057210608879536
HPCAL1,0.05246741989413548
WDR73,-0.5849625007211563
KPNB1,-0.8093940673312028
PSMB1,-1.4681488357384063
H3,-0.9679848294400383
EIF2AK2,0.04654258593703024
GFOD1,-2.321928094887362
PTGES3L,0.0
OBSCN,-4.857980995127572
WDR11,0.12553088208385882
I3L3B4,-0.13750352374993496
SLC25A13,-0.5746941652673292
HOOK3,-0.3048545815284209
PLCH1,-0.4730696206502589
SPG21,1.584962500721156
MARS2,0.0
ARL8B,-0.49340856283171614
KIF27,-0.929610672108602
RHOT1,-0.38578369430372966
GABRA3,2.0
PICALM,0.14852252471008814
HOOK1,2.321928094887362
ARL15,0.0
CHCHD2P9,-1.3219280948873622
NDE1,-0.4773217775331864
PSD3,2.0
SLC25A36,-0.5405683813627028
FBN1,-0.5410748567201562
PRPF4,-1.145430439521564
TPST1,1.584962500721156
CORO1B,-0.982297998266541
CCAR1,-0.983511877211431
MSI1,-2.074000581443777
HSPA1L,-0.7847490383574811
GOT2,-1.4024844489357593
LRRC4B,0.0
CDK3,-1.6938968722743202
SLC2A3,-0.9004643264490856
TOMM70,-0.8214991043778741
POLDIP2,-0.5670405927238937
AMACR,1.584962500721156
ARFIP1,-1.8073549220576042
PSMD7,-0.4977893281879608
DNAJC19,-0.15200309344504995
UNC45A,-3.4594316186372973
TMEM35A,1.078002512001273
CRH,0.0
GLB1,0.777607578663552
SNRPGP15,-0.5044725828607883
A0A1B0GWJ7,-1.3219280948873622
A0A804HL70,-1.5849625007211563
DDX20,0.7198920808072646
NUP210,-0.9434164716336325
NOL9,-0.5563933485243852
ADRM1,-0.6710514774348653
CACNB1,-0.4150374992788438
TACO1,0.8300749985576875
TSC22D4,-3.584962500721156
RSBN1,-0.881355503501381
PWP1,-0.1443899093351748
ATP5PB,-0.5559000351186935
GTF2E1,1.584962500721156
WASL,0.5849625007211562
TXN,-1.106915203916512
GPI,-1.0567838756703218
PFAS,-0.40742431516896865
BCL9,-4.392317422778761
PBX1,2.5360529002402097
TRMT10C,-0.14684138832927113
GOLGA2,-0.8840339819516752
CAPNS2,1.584962500721156
PLOD1,-0.6966078565500653
EVI5L,1.0
CUL1,0.7182290315846205
CLIC5,-1.102685663974564
POLR2E,-0.8073549220576042
SMARCA2,0.14864408135513527
CROT,-0.9244489669928232
TIMM44,-0.5405683813627028
FGF2,-3.9068905956085187
GNPDA1,-1.7835081801032362
JUP,-1.6780719051126376
GSTO1,-1.765534746362977
TAOK2,-0.6780719051126377
NRP1,3.700439718141092
ARHGEF12,0.06273575534796275
ABCC1,-1.3785116232537298
AHCYL1,-0.6300503902496941
WASH6P,-3.1699250014423126
CKAP5,-0.4192995261330033
TJP1,-1.6236948952098706
ACOX3,-0.22239242133644802
ABCC11,2.0
BROX,-0.4594316186372972
H2BC26,-0.8644447480395869
A0AAG2UUW0,-1.0
PHIP,0.42033179894835676
EDC3,-0.8231222379159209
MSI2,-0.04987590663956952
PRPS1,-1.0816649967122267
IRF2BP1,-0.8300749985576876
DTX3,0.15200309344505006
GLS,4.321928094887363
HDHD3,-0.4150374992788438
A0A3B3ISV5,-0.471305718925589
MRPS18C,1.0
MCM6,-0.6520766965796931
RPL10A,-0.7178567712185016
TRIM46,-1.0374747054186628
RERE,-1.5849625007211563
CPT2,-0.5772681089311553
GRIN1,1.584962500721156
PRTFDC1,-1.8744691179161412
HTD2,1.0
PREP,-0.4150374992788438
SNX4,-0.9708536543404835
H2BC1,-0.8992774114986434
PDHX,0.06817150264157924
FLOT2,-0.3802720811181672
MRTO4,-0.36257007938470825
KRT3,-0.7369655941662062
TMEM143,2.321928094887362
GNB3,-0.49098635251214234
CTSC,-0.7870377432359391
SENP3,-4.857980995127572
ALDH9A1,-0.4947646917495779
ACTN2,0.8771432522144665
DARS2,4.169925001442312
H7C0I5,2.0
NR2F1,0.06838697498025013
TUSC3,-0.40053792958372875
NDUFA9,0.06711419585853703
PPM1F,-1.0101242172737073
A0A8I5KT08,3.169925001442312
NME2,-0.45505317812672297
BPNT2,0.8073549220576041
A0A2R8Y670,-1.5849625007211563
SEC31B,-4.700439718141092
RPS4Y2,-0.6365636972083687
CSNK1A1,0.14336417517117744
MBOAT7,-0.6828098241193007
HNRNPCL1,-0.43695227570728445
ATP6V1E2,-2.0
SYNJ2BP,3.321928094887362
PSMB3,-1.1301475101542289
H2AC6,-0.713052974221878
DYNLRB1,-0.9300979867698438
HSPA5,-0.9393698377116617
TPRKB,-0.5849625007211563
SLC12A2,-3.1699250014423126
TBC1D24,0.23851208669972487
INPP5F,-0.8259706002249511
CYFIP2,-0.5570214460114478
MSH6,-0.8272794640397326
CRB2,2.321928094887362
HOXA9,1.0
ANP32CP,0.4306343543298623
DHCR24,1.584962500721156
BAIAP2L1,-1.5849625007211563
KALRN,-0.685891409571937
CBLL1,2.807354922057604
ISLR2,-4.247927513443585
STX12,0.0
UBE2D1,-0.5972408304995929
CHMP7,0.3344190390705593
GSTK1,-0.3219280948873623
GFPT1,-0.9619765535451339
KPNA1,-0.606178986630852
UBR5,0.9004643264490856
AFG3L2,-0.6039456040887291
SASH1,3.0
DHX8,-0.8556100906648251
COQ8A,0.289506617194985
TIMM17B,2.321928094887362
ATP5F1EP2,-1.1805722456418208
NXN,-1.0489096004809464
CPNE5,4.247927513443585
BAG6,-0.6161048756897135
NUBP2,-0.4594316186372972
ETHE1,-0.7900769306257687
ABHD12,-0.5547794952247781
INTS9,0.16992500144231237
ARMC6,-1.371968777386958
C19,1.2410080995037949
USP14,-0.7254928097222575
NELFA,-0.4506614090095652
FAM177A1,-0.881355503501381
VDAC1,-0.8143206775520415
ATP2B4,-0.6942611432119677
IRS2,-2.0
H2AC11,-0.7879125870552907
PFKM,-0.740725964739733
SLC25A11,-0.2356282484931421
TRAFD1,-2.807354922057604
NELFB,0.7198920808072646
A0A8I5KXK1,3.321928094887362
RETSAT,0.7369655941662062
PLTP,-0.3785116232537297
HINT1,-0.6431292081312796
PSMA3,-1.0600247710722175
ERMN,-0.6835263352047458
POTEE,-0.7018877710990449
OLA1,-0.8125915704237511
HSP90AB4P,-0.8231222379159209
FLT3,-0.5525410230287788
AIFM1,-0.46633342496253527
SH3GL3,-2.584962500721156
NUDT21,0.28445338946869936
NDUFB10,-0.8006911917765933
GLMN,2.807354922057604
FASN,-0.7239522665319554
Q5STU3,2.0
GSN,-0.8978331109816514
AMPH,0.12029423371771175
PURB,-0.5742360941280976
SYDC,-1.5849625007211563
A0A8I5KWQ7,0.41503749927884376
ACTR2,-1.040930264054882
MYO5C,-0.6035781788885032
EIF3B,-0.43758006792993215
F6QDS0,-1.3061031277256798
PSMD3,-0.8557952771153573
ITGB6,-4.643856189774724
UNC119,-0.16505924627049634
PSME3,0.5145731728297582
DLG2,-0.7725895038969276
COMMD3,-0.4066252594626437
A0A1B0GXE3,-4.459431618637297
LAMB2,-1.0
DNAJC5,2.0
TMTC3,-0.5145731728297583
YRDC,-0.4150374992788438
ZMYM3,0.4005379295837288
CCT2,-0.7225385235309263
FOXK1,-1.1699250014423124
AUP1,0.48542682717024166
EFNB3,-0.08246216019197299
PTPA,-0.29653131782188086
WNK2,-0.9211445792887605
PRPS1L1,-0.9810584363465397
GRB2,1.0
ATL1,-0.0313641709093351
LANCL1,-1.1110313123887439
IST1,-0.44961064782626997
DIP2C,-0.6780719051126377
KIF21B,-0.9668331360648006
UBP19,3.169925001442312
PPIAL4A,-0.84799690655495
ANGPTL2,-0.8073549220576042
TRIM4,-4.247927513443585
CHERP,-0.13124453327825267
RAB8A,-0.8309417423752199
TUBB8B,-0.7852111754539525
AARS2,-0.28010791919273537
KIF5A,-0.7397642275188797
A0A804CF45,2.321928094887362
SNAPN,-1.0
LOC124900586,-1.8073549220576042
THSD7A,2.0
RFT1,-2.807354922057604
ALG9,-0.2630344058337938
EIF2S2,-1.7004397181410922
CLTA,-0.7237145706683501
GAREM2,4.169925001442312
ELAVL2,0.4212964897505262
H0YHG0,0.16046467219324612
NUP62CL,-1.5849625007211563
ATP6V1G1,-2.321928094887362
TDRKH,-0.7884958948062882
MTCH1,-0.44095667845597564
EIF2B5,-5.491853096329675
RALY,-0.6360643785910622
EIF3K,-1.1018796140192137
CAMK2D,-0.6856742789146507
RPS10,-0.9801635843458311
BCAR1,2.0
LRSAM1,0.512206158285842
PODXL2,0.2630344058337938
PURG,-3.4594316186372973
TNC,-0.3428877135230085
CLPP,3.807354922057604
COPS3,-0.3093280581077289
H3BQ06,-0.7004397181410921
MYO6,-0.9454627159905676
R4GMW8,2.0
DDR1,5.169925001442312
SYT2,-0.5849625007211563
RBM23,0.41503749927884376
STK39,-0.506959988719883
ARHGAP31,-0.8930847960834881
PGK2,-0.7152003854825426
KRT10,-0.7106942453240849
GNAO1,-0.654275592053215
UTRN,-0.5405683813627028
MPST,-1.0255350921071376
DYRK1B,0.7884958948062882
ITGAV,5.523561956057013
GALNS,-1.222392421336448
ASPM,3.700439718141092
TRA2A,-0.2995602818589078
NEK7,-0.2630344058337938
JMJD6,-2.321928094887362
A0A2R8YE82,-1.0
ARID1A,-0.9455522159776235
ACSF2,3.321928094887362
I3L0E3,-0.46948528330122025
PFDN1,-4.087462841250339
RASA1,0.0
RBFOX2,1.949373926930032
WRNIP1,-0.6057210608879536
CPNE2,-0.6438561897747247
BSG,-0.9645779457891689
RO60,-0.787591667236174
TTC28,3.9068905956085187
ADD3,-0.6100534816839867
RBM4,-0.6143463075022505
GAN,-0.8300749985576876
NDUFA1,1.0
AP3M1,-0.6974372299795687
MARK4,-2.584962500721156
TNNC2,-0.2590872213171309
LRWD1,0.0
ABCB6,-0.3219280948873623
CPT1C,1.84799690655495
J3KPS2,2.0
C11,-0.7239389138699667
EPB41L1,-0.4931349223055049
ANXA4,-0.8786937037778664
TRMT61A,0.36257007938470837
NUP62,-0.12029423371771177
ERAP1,0.5849625007211562
SEC24C,-0.8614801359185721
TMEM9B,-1.0
RPL38,-0.8470480771614011
WASF3,-0.7369655941662062
RPL35,-0.36257007938470825
MMS19,-0.4454111483223626
EIF4G1,-0.7114949066500879
TPP2,-1.2016338611696507
AP2A2,-0.44539008077600334
UBXN6,-0.37614848588524896
MLYCD,-0.3219280948873623
DCK,-0.29146281416031133
SPTN1,-2.584962500721156
RDH13,3.169925001442312
MPP1,-1.3219280948873622
ACTA2,-0.7398240554774533
K7EPI4,-1.0
DCTD,-1.5305147166987798
TTN,-6.658211482751795
PGAP6,-1.0
RCAN1,-2.0
TM9SF1,4.247927513443585
NAT10,-0.09019780897157814
ITGA6,0.21150410519371182
DBNL,-1.1939418825608479
BCKDHA,-0.4854268271702417
CSTF3,-0.7500217469916525
DICER1,-2.2941831044044583
DCAKD,0.11547721741993588
CTNNB1,-0.6137189287996805
HADHA,-0.5278464957757497
WDR77,-1.15200309344505
ACSL1,-1.712197689017264
ATG4B,-1.3923174227787605
ACP7,-2.0
APPL1,-1.5849625007211563
RPS8,-0.8289849380291466
CLCN6,-0.7824085649273732
PRP4K,-0.36257007938470825
GTPBP4,-1.6147098441152083
TCERG1,-0.5525410230287788
PEA15,-0.4474589769712214
PKN1,-2.584962500721156
PES1,-0.7744402995848689
MAP4,-0.6760365955238745
MAP2K6,-0.6780719051126377
TMEM65,-0.8339900485610707
ASMTL,-0.5624199320700679
RACK1,-0.6893222512302942
TARS3,-0.38702312310924736
FAU,-1.2049314512702256
CPSF7,-0.5474877953024933
FUCA1,-0.4150374992788438
ALDH6A1,-0.923218765512519
CTNND1,-0.8036274636247723
PLXNA3,0.0
PANX1,0.0
BRAT1,1.584962500721156
FLNC,-1.416700165177853
M0QZ24,-1.0
ZMPSTE24,-0.3048545815284209
RMND1,0.22239242133644802
M0QZK8,0.0
FYN,-1.1300605405643729
GID8,-1.3625700793847082
ACSS3,0.3410369178350669
H2BC13,-0.8110734921847211
MRPL24,-3.1699250014423126
J3QQQ9,-0.6066575718204752
PCM1,0.24997825300834756
ARL2,-0.9233787183970876
PLBD2,-0.6177524358388256
THYN1,-1.0179219079972626
RPS27A,-0.6429300989923805
AARSD1,-0.253756592245783
TRMT6,0.5849625007211562
NEFM,-0.8352158167656536
ATP6V1E1,-0.7767666022241811
ISYNA1,-0.8202682408607678
RPSA,-0.7696858069254198
PABPC4,-0.869807740546278
VRK1,-1.986453468162052
SHC1,-2.321928094887362
NUDT8,-0.5849625007211563
GRN,-4.954196310386875
PRKAR1B,-2.807354922057604
NIPSNAP3B,-0.9615258521853643
MGST1,-3.4594316186372973
EXOC6B,-1.7951802081115018
CADPS,-0.03747470541866288
FAM98B,-0.9510903995190535
E7EQ34,2.321928094887362
CYP51A1,0.18442457113742758
PSMA4,-0.92396410896746
SRGAP3,-0.3899465183160133
SCAP,-0.3219280948873623
MYL6,-0.8221679167030915
YIPF6,-2.584962500721156
CTSB,-0.248107861595691
PCYT1B,-2.0
PFKFB2,-0.4150374992788438
TMEM120A,-2.1699250014423126
HIBCH,-0.156868848616866
QPRT,-0.7062687969432897
SCO1,5.426264754702098
ZNG1F,-4.0
PEF1,-0.3514723705013777
POP1,-0.6780719051126377
VIPAS39,-3.1699250014423126
TRMT2A,-0.6918777046376681
PALLD,0.0
CSNK2A1,-0.6607363566785048
NADSYN1,-0.9593580155026542
H0Y8W3,-2.807354922057604
ACOT7,-0.5602269071331711
COPE,-0.1604646721932461
RDH11,-0.7858751946471527
DIAPH1,-0.758991900496205
COX4I1,0.012939055707498013
FKBP10,-0.1719526827892949
ERGIC2,4.087462841250339
PHF5A,-1.5025003405291832
QKI,-1.1699250014423124
SYNCRIP,-0.7488246780345227
ALDH16A1,-1.024662054234269
CAND1,-0.550028710611769
TLE1,-1.415037499278844
MRPS27,-0.16892900896858845
ADI1,0.8073549220576041
H3Y1,-1.0
PPP1R21,-0.2895066171949848
RBM27,-2.321928094887362
OCIAD2,2.0
DNAJB4,-0.8744691179161412
TUBGCP3,-1.398549376490275
ARFGAP2,-1.0250909809628306
UCK2,-2.321928094887362
A0A669KAX9,-1.8073549220576042
CNNM3,1.584962500721156
CACNA2D1,-0.5193741590935794
E9PJK5,2.321928094887362
YARS2,0.0
SCAI,1.222392421336448
YES1,-1.361707996872717
AKR7A2,-0.8131218652764903
CDK14,5.247927513443585
PTN,-0.27096132160542274
UBQLN2,-0.4671260104272979
FGR,-1.5579954531208868
CAPRIN1,0.655351828612554
CNPY2,-1.4443020937840385
VDAC3,-0.2312370779144372
SPIN1,-0.5563933485243852
DMD,-0.3759679346002514
CYB5R1,-0.1750867065580913
PPE1,-1.5849625007211563
RPS25,-0.7185870648513517
A0A6Q8PH88,-1.4739311883324124
ACTL6A,-0.685891409571937
VCP,-0.746149165085769
AVL9,-0.16349873228287934
RAB3GAP1,-1.075050705261261
ARHGEF2,-1.6567531837891663
MTPN,-1.1648540118948905
WAPL,2.662965012722429
RNF150,-2.321928094887362
TMED9,-0.9893527558004916
RPS10P5,2.807354922057604
BCL2L13,4.392317422778761
NAA25,0.0
AGAP1,-0.8248338739356329
FKBP1C,-2.0
CSE1L,-0.30718150951817597
CDV3,-1.0
STEEP1,-1.5849625007211563
CLIP2,-0.9448584458075392
SNX5,-0.6655809609294407
MACROH2A2,-0.7050783626882119
RTN3,-0.9259994185562233
APMAP,-0.39271911985524904
SF3A3,-0.9175378398080271
TFAM,-0.8360242648888739
CRELD1,-2.0821490413538717
IPO9,0.04730571477835682
KIT,-0.40087943628218436
NQO2,-1.9004643264490857
H3BNX3,-1.415037499278844
CCDC149,2.321928094887362
PHF6,-0.6780719051126377
SUPV3L1,-0.8073549220576042
SYNM,4.087462841250339
KDSR,-0.9569312781081141
TMEM205,-1.1277555471983727
VPS51,-0.2895066171949848
KRT28,-0.6599245584023782
SESN2,1.0
MMAA,-0.4947646917495779
USP9Y,-1.028569152196771
NCSTN,-0.11306266448663596
FUS,-0.10962449117449813
TIMM10,0.0
GABARAPL2,-3.1699250014423126
A8MXN1,-2.0
CSNK2B,-0.44320502894969094
DYNC1H1,-0.6646163851721251
LAMP2,0.48542682717024166
UBAP2L,0.777607578663552
AHCTF1,-0.19264507794239588
WIPI2,-0.9328858041414629
NELFCD,0.7062687969432897
PMPCA,-0.32606386945656746
M0QYT0,-0.7794391074621458
CCT6B,-0.7827692837793309
FAM120B,-1.3870231231092474
NHLRC2,-1.2630344058337937
DHX15,-0.8934897631151686
GPSM1,-0.7004397181410921
NT5C2,-0.41300981793186126
GAPVD1,-0.7074465072461512
LSM6,-1.306661338234052
CDS2,1.1255308820838588
STRIP1,0.24100809950379498
DPYSL2,-0.6149300972960979
PFKFB1,-2.0
CCAR2,-0.7421396405041432
STOML2,-1.0328432566870172
PDCD6IP,-0.6465728461623563
GNAT3,-0.6285894331214141
RPL22L1,-0.7062687969432897
MEST,-0.049302919742076436
OTULIN,0.0
YTHDF1,2.321928094887362
FIG4,-0.2789759497028155
L7N2F9,-0.21150410519371174
CERT1,-2.2016338611696504
VCL,-1.0768155970508309
ADAM10,0.19264507794239583
A0A994J6W3,-2.584962500721156
SND1,-0.9053130174951833
NLGN4Y,4.087462841250339
WDFY1,0.0544477840223765
FTH1,-2.0
GNAQ,-0.6431662901644363
STK11IP,0.6520766965796931
RIT2,-0.7369655941662062
NDUFB9,-0.11103131238874384
COX7A2L,3.321928094887362
PSMA1,-0.90587782263545
WFS1,-2.807354922057604
IARS2,-0.8878896336784625
RANBP1,-0.7888822619861252
MAP4K4,-0.04556257738044375
GMPS,-0.5388660861317022
RTL8B,-0.4150374992788438
HDHD5,-0.6780719051126377
TFCP2,-0.5849625007211563
DHRS7,-0.9004643264490856
SRCIN1,1.2954558835261714
OCIAD1,0.08828653241795499
A0A3B3ITX4,-0.5920172582551065
HDGFL3,4.523561956057013
A0A494C0A6,0.0
TCP11L1,0.5145731728297582
SRSF10,-0.6293566200796095
ACSL6,-1.3148733373534118
IGFBPL1,-1.15200309344505
COPB1,-0.4769652484220457
SLC44A1,-0.8797057662822882
OSGEP,-2.222392421336448
GLUD1,-0.560057158958336
VAV2,-2.0
SOD1,-1.7454271729144024
NEFL,-0.7783682931767687
PSMD5,-0.6680182404487147
PITPNM1,-1.0
ARHGAP35,-0.6655809609294407
MDK,-0.9971117206751736
YIF1B,3.4594316186372973
CELSR3,2.807354922057604
SRSF6,-0.6872125589691065
P4HA1,-0.30718150951817597
DPM1,-1.0924462487645952
HIGD2A,0.41503749927884376
LCK,-1.6943737174417381
IDH3G,-0.7555812723335531
PBX4,2.0
SLC25A12,-0.15787965978171928
TRAF6,-2.807354922057604
ROBO1,3.700439718141092
ICAM1,-4.857980995127572
EPHB1,-0.9358696625802845
RPS6KB1,-1.7004397181410922
GK2,1.0
NDEL1,-0.46566357234881184
RBM6,-4.700439718141092
BPNT1,-0.19264507794239588
A0A6Q8PHN7,-1.4739311883324124
PUM1,-0.5474877953024933
ADPGK,-1.222392421336448
PAXX,-1.0
COPG2,-0.48278210591467796
GABARAPL1,2.321928094887362
TLE3,-1.5090136474878575
PLCD4,-0.12553088208385899
ENO2,-0.7236562968335243
RAB5C,-0.8544342041860922
E9PLN8,-0.13750352374993496
CD47,-1.2954558835261714
POLR2B,-0.6275821346589445
RBM8A,-0.22239242133644802
SORD,-0.3999306068886354
NACAD,2.321928094887362
MTX1,-0.523561956057013
PELO,0.16992500144231237
SELENBP1,-1.7162070339994087
DEFA1,-1.4764380439429872
GLIPR2,-1.0931094043914815
TECPR2,-0.7369655941662062
BACH2,2.0
PITHD1,0.6214883767462702
NR2E3,-2.584962500721156
SYT11,-0.6520766965796931
GCDH,-0.8829605788097805
MATR3,-0.5462310726774139
HNRNPF,-0.8443491295398058
ACTR1B,-0.4116784871889291
MCM2,-0.6520766965796931
